kcat,km,kcatkm,mutant,sequence
2.975891136401790,0.7067177823367590,5.269157891804430,A195S,MSENTFIFPATFMWGTSTSSYQIEGGTDEGGRTPSIWDTFCQIPGKVIGGDCGDVACDHFHHFKEDVQLMKQLGFLHYRFSVAWPRIMPAAGIINEEGLLFYEHLLDEIELAGLIPMLTLYHWDLPQWIEDEGGWTQRETIQHFKTYASVIMDRFGERINWWNTINEPYCASILGYGTGEHAPGHENWREAFTASHHILMCHGIASNLHKEKGLTGKIGITLNMEHVDAASERPEDVAAAIRRDGFINRWFAEPLFNGKYPEDMVEWYGTYLNGLDFVQPGDMELIQQPGDFLGINYYTRSIIRSTNDASLLQVEQVHMEEPVTDMGWEIHPESFYKLLTRIEKDFSKGLPILITENGAAMRDELVNGQIEDTGRHGYIEEHLKACHRFIEEGGQLKGYFVWSFLDNFEWAWGYSKRFGIVHINYETQERTPKQSALWFKQMMAKNGF
2.5816083660320600,1.2304489213782700,4.351159444653780,A230W,MSENTFIFPATFMWGTSTSSYQIEGGTDEGGRTPSIWDTFCQIPGKVIGGDCGDVACDHFHHFKEDVQLMKQLGFLHYRFSVAWPRIMPAAGIINEEGLLFYEHLLDEIELAGLIPMLTLYHWDLPQWIEDEGGWTQRETIQHFKTYASVIMDRFGERINWWNTINEPYCASILGYGTGEHAPGHENWREAFTAAHHILMCHGIASNLHKEKGLTGKIGITLNMEHVDAWSERPEDVAAAIRRDGFINRWFAEPLFNGKYPEDMVEWYGTYLNGLDFVQPGDMELIQQPGDFLGINYYTRSIIRSTNDASLLQVEQVHMEEPVTDMGWEIHPESFYKLLTRIEKDFSKGLPILITENGAAMRDELVNGQIEDTGRHGYIEEHLKACHRFIEEGGQLKGYFVWSFLDNFEWAWGYSKRFGIVHINYETQERTPKQSALWFKQMMAKNGF
2.680335513414560,1.1631613749770200,4.516984639533110,C170A,MSENTFIFPATFMWGTSTSSYQIEGGTDEGGRTPSIWDTFCQIPGKVIGGDCGDVACDHFHHFKEDVQLMKQLGFLHYRFSVAWPRIMPAAGIINEEGLLFYEHLLDEIELAGLIPMLTLYHWDLPQWIEDEGGWTQRETIQHFKTYASVIMDRFGERINWWNTINEPYAASILGYGTGEHAPGHENWREAFTAAHHILMCHGIASNLHKEKGLTGKIGITLNMEHVDAASERPEDVAAAIRRDGFINRWFAEPLFNGKYPEDMVEWYGTYLNGLDFVQPGDMELIQQPGDFLGINYYTRSIIRSTNDASLLQVEQVHMEEPVTDMGWEIHPESFYKLLTRIEKDFSKGLPILITENGAAMRDELVNGQIEDTGRHGYIEEHLKACHRFIEEGGQLKGYFVWSFLDNFEWAWGYSKRFGIVHINYETQERTPKQSALWFKQMMAKNGF
2.7024305364455300,0.6919651027673600,5.0103635693365400,C170Q,MSENTFIFPATFMWGTSTSSYQIEGGTDEGGRTPSIWDTFCQIPGKVIGGDCGDVACDHFHHFKEDVQLMKQLGFLHYRFSVAWPRIMPAAGIINEEGLLFYEHLLDEIELAGLIPMLTLYHWDLPQWIEDEGGWTQRETIQHFKTYASVIMDRFGERINWWNTINEPYQASILGYGTGEHAPGHENWREAFTAAHHILMCHGIASNLHKEKGLTGKIGITLNMEHVDAASERPEDVAAAIRRDGFINRWFAEPLFNGKYPEDMVEWYGTYLNGLDFVQPGDMELIQQPGDFLGINYYTRSIIRSTNDASLLQVEQVHMEEPVTDMGWEIHPESFYKLLTRIEKDFSKGLPILITENGAAMRDELVNGQIEDTGRHGYIEEHLKACHRFIEEGGQLKGYFVWSFLDNFEWAWGYSKRFGIVHINYETQERTPKQSALWFKQMMAKNGF
1.990782691803140,2.513483956704260,2.4772987350988800,C170S,MSENTFIFPATFMWGTSTSSYQIEGGTDEGGRTPSIWDTFCQIPGKVIGGDCGDVACDHFHHFKEDVQLMKQLGFLHYRFSVAWPRIMPAAGIINEEGLLFYEHLLDEIELAGLIPMLTLYHWDLPQWIEDEGGWTQRETIQHFKTYASVIMDRFGERINWWNTINEPYSASILGYGTGEHAPGHENWREAFTAAHHILMCHGIASNLHKEKGLTGKIGITLNMEHVDAASERPEDVAAAIRRDGFINRWFAEPLFNGKYPEDMVEWYGTYLNGLDFVQPGDMELIQQPGDFLGINYYTRSIIRSTNDASLLQVEQVHMEEPVTDMGWEIHPESFYKLLTRIEKDFSKGLPILITENGAAMRDELVNGQIEDTGRHGYIEEHLKACHRFIEEGGQLKGYFVWSFLDNFEWAWGYSKRFGIVHINYETQERTPKQSALWFKQMMAKNGF
2.0034605321095100,0.6334684555795870,4.36999207652992,D325A,MSENTFIFPATFMWGTSTSSYQIEGGTDEGGRTPSIWDTFCQIPGKVIGGDCGDVACDHFHHFKEDVQLMKQLGFLHYRFSVAWPRIMPAAGIINEEGLLFYEHLLDEIELAGLIPMLTLYHWDLPQWIEDEGGWTQRETIQHFKTYASVIMDRFGERINWWNTINEPYCASILGYGTGEHAPGHENWREAFTAAHHILMCHGIASNLHKEKGLTGKIGITLNMEHVDAASERPEDVAAAIRRDGFINRWFAEPLFNGKYPEDMVEWYGTYLNGLDFVQPGDMELIQQPGDFLGINYYTRSIIRSTNDASLLQVEQVHMEEPVTAMGWEIHPESFYKLLTRIEKDFSKGLPILITENGAAMRDELVNGQIEDTGRHGYIEEHLKACHRFIEEGGQLKGYFVWSFLDNFEWAWGYSKRFGIVHINYETQERTPKQSALWFKQMMAKNGF
2.9434945159061000,0.5390760987927770,5.404840555849270,E157D,MSENTFIFPATFMWGTSTSSYQIEGGTDEGGRTPSIWDTFCQIPGKVIGGDCGDVACDHFHHFKEDVQLMKQLGFLHYRFSVAWPRIMPAAGIINEEGLLFYEHLLDEIELAGLIPMLTLYHWDLPQWIEDEGGWTQRETIQHFKTYASVIMDRFGDRINWWNTINEPYCASILGYGTGEHAPGHENWREAFTAAHHILMCHGIASNLHKEKGLTGKIGITLNMEHVDAASERPEDVAAAIRRDGFINRWFAEPLFNGKYPEDMVEWYGTYLNGLDFVQPGDMELIQQPGDFLGINYYTRSIIRSTNDASLLQVEQVHMEEPVTDMGWEIHPESFYKLLTRIEKDFSKGLPILITENGAAMRDELVNGQIEDTGRHGYIEEHLKACHRFIEEGGQLKGYFVWSFLDNFEWAWGYSKRFGIVHINYETQERTPKQSALWFKQMMAKNGF
0.0,0.004321373782642580,1.2787536009528300,E167A,MSENTFIFPATFMWGTSTSSYQIEGGTDEGGRTPSIWDTFCQIPGKVIGGDCGDVACDHFHHFKEDVQLMKQLGFLHYRFSVAWPRIMPAAGIINEEGLLFYEHLLDEIELAGLIPMLTLYHWDLPQWIEDEGGWTQRETIQHFKTYASVIMDRFGERINWWNTINAPYCASILGYGTGEHAPGHENWREAFTAAHHILMCHGIASNLHKEKGLTGKIGITLNMEHVDAASERPEDVAAAIRRDGFINRWFAEPLFNGKYPEDMVEWYGTYLNGLDFVQPGDMELIQQPGDFLGINYYTRSIIRSTNDASLLQVEQVHMEEPVTDMGWEIHPESFYKLLTRIEKDFSKGLPILITENGAAMRDELVNGQIEDTGRHGYIEEHLKACHRFIEEGGQLKGYFVWSFLDNFEWAWGYSKRFGIVHINYETQERTPKQSALWFKQMMAKNGF
-0.3010299956639810,1.6434526764861900,1.0555173278498300,E167D,MSENTFIFPATFMWGTSTSSYQIEGGTDEGGRTPSIWDTFCQIPGKVIGGDCGDVACDHFHHFKEDVQLMKQLGFLHYRFSVAWPRIMPAAGIINEEGLLFYEHLLDEIELAGLIPMLTLYHWDLPQWIEDEGGWTQRETIQHFKTYASVIMDRFGERINWWNTINDPYCASILGYGTGEHAPGHENWREAFTAAHHILMCHGIASNLHKEKGLTGKIGITLNMEHVDAASERPEDVAAAIRRDGFINRWFAEPLFNGKYPEDMVEWYGTYLNGLDFVQPGDMELIQQPGDFLGINYYTRSIIRSTNDASLLQVEQVHMEEPVTDMGWEIHPESFYKLLTRIEKDFSKGLPILITENGAAMRDELVNGQIEDTGRHGYIEEHLKACHRFIEEGGQLKGYFVWSFLDNFEWAWGYSKRFGIVHINYETQERTPKQSALWFKQMMAKNGF
2.993876914941210,0.7767011839884110,5.216967748361370,E180A,MSENTFIFPATFMWGTSTSSYQIEGGTDEGGRTPSIWDTFCQIPGKVIGGDCGDVACDHFHHFKEDVQLMKQLGFLHYRFSVAWPRIMPAAGIINEEGLLFYEHLLDEIELAGLIPMLTLYHWDLPQWIEDEGGWTQRETIQHFKTYASVIMDRFGERINWWNTINEPYCASILGYGTGAHAPGHENWREAFTAAHHILMCHGIASNLHKEKGLTGKIGITLNMEHVDAASERPEDVAAAIRRDGFINRWFAEPLFNGKYPEDMVEWYGTYLNGLDFVQPGDMELIQQPGDFLGINYYTRSIIRSTNDASLLQVEQVHMEEPVTDMGWEIHPESFYKLLTRIEKDFSKGLPILITENGAAMRDELVNGQIEDTGRHGYIEEHLKACHRFIEEGGQLKGYFVWSFLDNFEWAWGYSKRFGIVHINYETQERTPKQSALWFKQMMAKNGF
2.7442929831226800,0.791690649020118,4.952351630801020,E180K,MSENTFIFPATFMWGTSTSSYQIEGGTDEGGRTPSIWDTFCQIPGKVIGGDCGDVACDHFHHFKEDVQLMKQLGFLHYRFSVAWPRIMPAAGIINEEGLLFYEHLLDEIELAGLIPMLTLYHWDLPQWIEDEGGWTQRETIQHFKTYASVIMDRFGERINWWNTINEPYCASILGYGTGKHAPGHENWREAFTAAHHILMCHGIASNLHKEKGLTGKIGITLNMEHVDAASERPEDVAAAIRRDGFINRWFAEPLFNGKYPEDMVEWYGTYLNGLDFVQPGDMELIQQPGDFLGINYYTRSIIRSTNDASLLQVEQVHMEEPVTDMGWEIHPESFYKLLTRIEKDFSKGLPILITENGAAMRDELVNGQIEDTGRHGYIEEHLKACHRFIEEGGQLKGYFVWSFLDNFEWAWGYSKRFGIVHINYETQERTPKQSALWFKQMMAKNGF
2.8260748027008300,0.8739015978644610,4.951716268242310,E180L,MSENTFIFPATFMWGTSTSSYQIEGGTDEGGRTPSIWDTFCQIPGKVIGGDCGDVACDHFHHFKEDVQLMKQLGFLHYRFSVAWPRIMPAAGIINEEGLLFYEHLLDEIELAGLIPMLTLYHWDLPQWIEDEGGWTQRETIQHFKTYASVIMDRFGERINWWNTINEPYCASILGYGTGLHAPGHENWREAFTAAHHILMCHGIASNLHKEKGLTGKIGITLNMEHVDAASERPEDVAAAIRRDGFINRWFAEPLFNGKYPEDMVEWYGTYLNGLDFVQPGDMELIQQPGDFLGINYYTRSIIRSTNDASLLQVEQVHMEEPVTDMGWEIHPESFYKLLTRIEKDFSKGLPILITENGAAMRDELVNGQIEDTGRHGYIEEHLKACHRFIEEGGQLKGYFVWSFLDNFEWAWGYSKRFGIVHINYETQERTPKQSALWFKQMMAKNGF
2.4260230156898800,0.6434526764861870,4.782570339203690,E180S,MSENTFIFPATFMWGTSTSSYQIEGGTDEGGRTPSIWDTFCQIPGKVIGGDCGDVACDHFHHFKEDVQLMKQLGFLHYRFSVAWPRIMPAAGIINEEGLLFYEHLLDEIELAGLIPMLTLYHWDLPQWIEDEGGWTQRETIQHFKTYASVIMDRFGERINWWNTINEPYCASILGYGTGSHAPGHENWREAFTAAHHILMCHGIASNLHKEKGLTGKIGITLNMEHVDAASERPEDVAAAIRRDGFINRWFAEPLFNGKYPEDMVEWYGTYLNGLDFVQPGDMELIQQPGDFLGINYYTRSIIRSTNDASLLQVEQVHMEEPVTDMGWEIHPESFYKLLTRIEKDFSKGLPILITENGAAMRDELVNGQIEDTGRHGYIEEHLKACHRFIEEGGQLKGYFVWSFLDNFEWAWGYSKRFGIVHINYETQERTPKQSALWFKQMMAKNGF
1.954242509439330,-0.2006594505464180,5.157166537077130,E225A,MSENTFIFPATFMWGTSTSSYQIEGGTDEGGRTPSIWDTFCQIPGKVIGGDCGDVACDHFHHFKEDVQLMKQLGFLHYRFSVAWPRIMPAAGIINEEGLLFYEHLLDEIELAGLIPMLTLYHWDLPQWIEDEGGWTQRETIQHFKTYASVIMDRFGERINWWNTINEPYCASILGYGTGEHAPGHENWREAFTAAHHILMCHGIASNLHKEKGLTGKIGITLNMAHVDAASERPEDVAAAIRRDGFINRWFAEPLFNGKYPEDMVEWYGTYLNGLDFVQPGDMELIQQPGDFLGINYYTRSIIRSTNDASLLQVEQVHMEEPVTDMGWEIHPESFYKLLTRIEKDFSKGLPILITENGAAMRDELVNGQIEDTGRHGYIEEHLKACHRFIEEGGQLKGYFVWSFLDNFEWAWGYSKRFGIVHINYETQERTPKQSALWFKQMMAKNGF
2.2041199826559200,0.931457870689005,4.271725469490240,E225H,MSENTFIFPATFMWGTSTSSYQIEGGTDEGGRTPSIWDTFCQIPGKVIGGDCGDVACDHFHHFKEDVQLMKQLGFLHYRFSVAWPRIMPAAGIINEEGLLFYEHLLDEIELAGLIPMLTLYHWDLPQWIEDEGGWTQRETIQHFKTYASVIMDRFGERINWWNTINEPYCASILGYGTGEHAPGHENWREAFTAAHHILMCHGIASNLHKEKGLTGKIGITLNMHHVDAASERPEDVAAAIRRDGFINRWFAEPLFNGKYPEDMVEWYGTYLNGLDFVQPGDMELIQQPGDFLGINYYTRSIIRSTNDASLLQVEQVHMEEPVTDMGWEIHPESFYKLLTRIEKDFSKGLPILITENGAAMRDELVNGQIEDTGRHGYIEEHLKACHRFIEEGGQLKGYFVWSFLDNFEWAWGYSKRFGIVHINYETQERTPKQSALWFKQMMAKNGF
2.03342375548695,0.8585371975696390,4.174786417367340,E225K,MSENTFIFPATFMWGTSTSSYQIEGGTDEGGRTPSIWDTFCQIPGKVIGGDCGDVACDHFHHFKEDVQLMKQLGFLHYRFSVAWPRIMPAAGIINEEGLLFYEHLLDEIELAGLIPMLTLYHWDLPQWIEDEGGWTQRETIQHFKTYASVIMDRFGERINWWNTINEPYCASILGYGTGEHAPGHENWREAFTAAHHILMCHGIASNLHKEKGLTGKIGITLNMKHVDAASERPEDVAAAIRRDGFINRWFAEPLFNGKYPEDMVEWYGTYLNGLDFVQPGDMELIQQPGDFLGINYYTRSIIRSTNDASLLQVEQVHMEEPVTDMGWEIHPESFYKLLTRIEKDFSKGLPILITENGAAMRDELVNGQIEDTGRHGYIEEHLKACHRFIEEGGQLKGYFVWSFLDNFEWAWGYSKRFGIVHINYETQERTPKQSALWFKQMMAKNGF
2.824776462475550,1.0849335749367200,4.739754251213340,E225Q,MSENTFIFPATFMWGTSTSSYQIEGGTDEGGRTPSIWDTFCQIPGKVIGGDCGDVACDHFHHFKEDVQLMKQLGFLHYRFSVAWPRIMPAAGIINEEGLLFYEHLLDEIELAGLIPMLTLYHWDLPQWIEDEGGWTQRETIQHFKTYASVIMDRFGERINWWNTINEPYCASILGYGTGEHAPGHENWREAFTAAHHILMCHGIASNLHKEKGLTGKIGITLNMQHVDAASERPEDVAAAIRRDGFINRWFAEPLFNGKYPEDMVEWYGTYLNGLDFVQPGDMELIQQPGDFLGINYYTRSIIRSTNDASLLQVEQVHMEEPVTDMGWEIHPESFYKLLTRIEKDFSKGLPILITENGAAMRDELVNGQIEDTGRHGYIEEHLKACHRFIEEGGQLKGYFVWSFLDNFEWAWGYSKRFGIVHINYETQERTPKQSALWFKQMMAKNGF
1.6232492903979000,0.3944516808262160,4.232945312745230,E225R,MSENTFIFPATFMWGTSTSSYQIEGGTDEGGRTPSIWDTFCQIPGKVIGGDCGDVACDHFHHFKEDVQLMKQLGFLHYRFSVAWPRIMPAAGIINEEGLLFYEHLLDEIELAGLIPMLTLYHWDLPQWIEDEGGWTQRETIQHFKTYASVIMDRFGERINWWNTINEPYCASILGYGTGEHAPGHENWREAFTAAHHILMCHGIASNLHKEKGLTGKIGITLNMRHVDAASERPEDVAAAIRRDGFINRWFAEPLFNGKYPEDMVEWYGTYLNGLDFVQPGDMELIQQPGDFLGINYYTRSIIRSTNDASLLQVEQVHMEEPVTDMGWEIHPESFYKLLTRIEKDFSKGLPILITENGAAMRDELVNGQIEDTGRHGYIEEHLKACHRFIEEGGQLKGYFVWSFLDNFEWAWGYSKRFGIVHINYETQERTPKQSALWFKQMMAKNGF
1.0791812460476200,1.2655253352190700,2.803457115648410,E225Y,MSENTFIFPATFMWGTSTSSYQIEGGTDEGGRTPSIWDTFCQIPGKVIGGDCGDVACDHFHHFKEDVQLMKQLGFLHYRFSVAWPRIMPAAGIINEEGLLFYEHLLDEIELAGLIPMLTLYHWDLPQWIEDEGGWTQRETIQHFKTYASVIMDRFGERINWWNTINEPYCASILGYGTGEHAPGHENWREAFTAAHHILMCHGIASNLHKEKGLTGKIGITLNMYHVDAASERPEDVAAAIRRDGFINRWFAEPLFNGKYPEDMVEWYGTYLNGLDFVQPGDMELIQQPGDFLGINYYTRSIIRSTNDASLLQVEQVHMEEPVTDMGWEIHPESFYKLLTRIEKDFSKGLPILITENGAAMRDELVNGQIEDTGRHGYIEEHLKACHRFIEEGGQLKGYFVWSFLDNFEWAWGYSKRFGIVHINYETQERTPKQSALWFKQMMAKNGF
2.6842167951388800,1.021189299069940,4.663027496068940,E391C,MSENTFIFPATFMWGTSTSSYQIEGGTDEGGRTPSIWDTFCQIPGKVIGGDCGDVACDHFHHFKEDVQLMKQLGFLHYRFSVAWPRIMPAAGIINEEGLLFYEHLLDEIELAGLIPMLTLYHWDLPQWIEDEGGWTQRETIQHFKTYASVIMDRFGERINWWNTINEPYCASILGYGTGEHAPGHENWREAFTAAHHILMCHGIASNLHKEKGLTGKIGITLNMEHVDAASERPEDVAAAIRRDGFINRWFAEPLFNGKYPEDMVEWYGTYLNGLDFVQPGDMELIQQPGDFLGINYYTRSIIRSTNDASLLQVEQVHMEEPVTDMGWEIHPESFYKLLTRIEKDFSKGLPILITENGAAMRDELVNGQIEDTGRHGYIEEHLKACHRFICEGGQLKGYFVWSFLDNFEWAWGYSKRFGIVHINYETQERTPKQSALWFKQMMAKNGF
1.591064607026500,1.5331362882786400,3.059184617631370,E409D,MSENTFIFPATFMWGTSTSSYQIEGGTDEGGRTPSIWDTFCQIPGKVIGGDCGDVACDHFHHFKEDVQLMKQLGFLHYRFSVAWPRIMPAAGIINEEGLLFYEHLLDEIELAGLIPMLTLYHWDLPQWIEDEGGWTQRETIQHFKTYASVIMDRFGERINWWNTINEPYCASILGYGTGEHAPGHENWREAFTAAHHILMCHGIASNLHKEKGLTGKIGITLNMEHVDAASERPEDVAAAIRRDGFINRWFAEPLFNGKYPEDMVEWYGTYLNGLDFVQPGDMELIQQPGDFLGINYYTRSIIRSTNDASLLQVEQVHMEEPVTDMGWEIHPESFYKLLTRIEKDFSKGLPILITENGAAMRDELVNGQIEDTGRHGYIEEHLKACHRFIEEGGQLKGYFVWSFLDNFDWAWGYSKRFGIVHINYETQERTPKQSALWFKQMMAKNGF
0.9637878273455550,2.1082266563749300,1.8555611709706300,E409Q,MSENTFIFPATFMWGTSTSSYQIEGGTDEGGRTPSIWDTFCQIPGKVIGGDCGDVACDHFHHFKEDVQLMKQLGFLHYRFSVAWPRIMPAAGIINEEGLLFYEHLLDEIELAGLIPMLTLYHWDLPQWIEDEGGWTQRETIQHFKTYASVIMDRFGERINWWNTINEPYCASILGYGTGEHAPGHENWREAFTAAHHILMCHGIASNLHKEKGLTGKIGITLNMEHVDAASERPEDVAAAIRRDGFINRWFAEPLFNGKYPEDMVEWYGTYLNGLDFVQPGDMELIQQPGDFLGINYYTRSIIRSTNDASLLQVEQVHMEEPVTDMGWEIHPESFYKLLTRIEKDFSKGLPILITENGAAMRDELVNGQIEDTGRHGYIEEHLKACHRFIEEGGQLKGYFVWSFLDNFQWAWGYSKRFGIVHINYETQERTPKQSALWFKQMMAKNGF
2.8102325179950800,0.8195439355418690,4.990236708081910,E426S,MSENTFIFPATFMWGTSTSSYQIEGGTDEGGRTPSIWDTFCQIPGKVIGGDCGDVACDHFHHFKEDVQLMKQLGFLHYRFSVAWPRIMPAAGIINEEGLLFYEHLLDEIELAGLIPMLTLYHWDLPQWIEDEGGWTQRETIQHFKTYASVIMDRFGERINWWNTINEPYCASILGYGTGEHAPGHENWREAFTAAHHILMCHGIASNLHKEKGLTGKIGITLNMEHVDAASERPEDVAAAIRRDGFINRWFAEPLFNGKYPEDMVEWYGTYLNGLDFVQPGDMELIQQPGDFLGINYYTRSIIRSTNDASLLQVEQVHMEEPVTDMGWEIHPESFYKLLTRIEKDFSKGLPILITENGAAMRDELVNGQIEDTGRHGYIEEHLKACHRFIEEGGQLKGYFVWSFLDNFEWAWGYSKRFGIVHINYSTQERTPKQSALWFKQMMAKNGF
2.8061121101690900,0.6127838567197360,5.193328253449360,E429S,MSENTFIFPATFMWGTSTSSYQIEGGTDEGGRTPSIWDTFCQIPGKVIGGDCGDVACDHFHHFKEDVQLMKQLGFLHYRFSVAWPRIMPAAGIINEEGLLFYEHLLDEIELAGLIPMLTLYHWDLPQWIEDEGGWTQRETIQHFKTYASVIMDRFGERINWWNTINEPYCASILGYGTGEHAPGHENWREAFTAAHHILMCHGIASNLHKEKGLTGKIGITLNMEHVDAASERPEDVAAAIRRDGFINRWFAEPLFNGKYPEDMVEWYGTYLNGLDFVQPGDMELIQQPGDFLGINYYTRSIIRSTNDASLLQVEQVHMEEPVTDMGWEIHPESFYKLLTRIEKDFSKGLPILITENGAAMRDELVNGQIEDTGRHGYIEEHLKACHRFIEEGGQLKGYFVWSFLDNFEWAWGYSKRFGIVHINYETQSRTPKQSALWFKQMMAKNGF
0.0,1.220892249219520,1.9030899869919400,F418A,MSENTFIFPATFMWGTSTSSYQIEGGTDEGGRTPSIWDTFCQIPGKVIGGDCGDVACDHFHHFKEDVQLMKQLGFLHYRFSVAWPRIMPAAGIINEEGLLFYEHLLDEIELAGLIPMLTLYHWDLPQWIEDEGGWTQRETIQHFKTYASVIMDRFGERINWWNTINEPYCASILGYGTGEHAPGHENWREAFTAAHHILMCHGIASNLHKEKGLTGKIGITLNMEHVDAASERPEDVAAAIRRDGFINRWFAEPLFNGKYPEDMVEWYGTYLNGLDFVQPGDMELIQQPGDFLGINYYTRSIIRSTNDASLLQVEQVHMEEPVTDMGWEIHPESFYKLLTRIEKDFSKGLPILITENGAAMRDELVNGQIEDTGRHGYIEEHLKACHRFIEEGGQLKGYFVWSFLDNFEWAWGYSKRAGIVHINYETQERTPKQSALWFKQMMAKNGF
2.787460474518420,0.7379873263334310,5.050085744201410,F75A,MSENTFIFPATFMWGTSTSSYQIEGGTDEGGRTPSIWDTFCQIPGKVIGGDCGDVACDHFHHFKEDVQLMKQLGALHYRFSVAWPRIMPAAGIINEEGLLFYEHLLDEIELAGLIPMLTLYHWDLPQWIEDEGGWTQRETIQHFKTYASVIMDRFGERINWWNTINEPYCASILGYGTGEHAPGHENWREAFTAAHHILMCHGIASNLHKEKGLTGKIGITLNMEHVDAASERPEDVAAAIRRDGFINRWFAEPLFNGKYPEDMVEWYGTYLNGLDFVQPGDMELIQQPGDFLGINYYTRSIIRSTNDASLLQVEQVHMEEPVTDMGWEIHPESFYKLLTRIEKDFSKGLPILITENGAAMRDELVNGQIEDTGRHGYIEEHLKACHRFIEEGGQLKGYFVWSFLDNFEWAWGYSKRFGIVHINYETQERTPKQSALWFKQMMAKNGF
2.8302678009336400,0.7160033436347990,5.114264457298840,G156A,MSENTFIFPATFMWGTSTSSYQIEGGTDEGGRTPSIWDTFCQIPGKVIGGDCGDVACDHFHHFKEDVQLMKQLGFLHYRFSVAWPRIMPAAGIINEEGLLFYEHLLDEIELAGLIPMLTLYHWDLPQWIEDEGGWTQRETIQHFKTYASVIMDRFAERINWWNTINEPYCASILGYGTGEHAPGHENWREAFTAAHHILMCHGIASNLHKEKGLTGKIGITLNMEHVDAASERPEDVAAAIRRDGFINRWFAEPLFNGKYPEDMVEWYGTYLNGLDFVQPGDMELIQQPGDFLGINYYTRSIIRSTNDASLLQVEQVHMEEPVTDMGWEIHPESFYKLLTRIEKDFSKGLPILITENGAAMRDELVNGQIEDTGRHGYIEEHLKACHRFIEEGGQLKGYFVWSFLDNFEWAWGYSKRFGIVHINYETQERTPKQSALWFKQMMAKNGF
3.024895960107490,1.0261245167454500,4.998730005016470,H104R,MSENTFIFPATFMWGTSTSSYQIEGGTDEGGRTPSIWDTFCQIPGKVIGGDCGDVACDHFHHFKEDVQLMKQLGFLHYRFSVAWPRIMPAAGIINEEGLLFYERLLDEIELAGLIPMLTLYHWDLPQWIEDEGGWTQRETIQHFKTYASVIMDRFGERINWWNTINEPYCASILGYGTGEHAPGHENWREAFTAAHHILMCHGIASNLHKEKGLTGKIGITLNMEHVDAASERPEDVAAAIRRDGFINRWFAEPLFNGKYPEDMVEWYGTYLNGLDFVQPGDMELIQQPGDFLGINYYTRSIIRSTNDASLLQVEQVHMEEPVTDMGWEIHPESFYKLLTRIEKDFSKGLPILITENGAAMRDELVNGQIEDTGRHGYIEEHLKACHRFIEEGGQLKGYFVWSFLDNFEWAWGYSKRFGIVHINYETQERTPKQSALWFKQMMAKNGF
2.155336037465060,1.1789769472931700,3.976945750559240,H122A,MSENTFIFPATFMWGTSTSSYQIEGGTDEGGRTPSIWDTFCQIPGKVIGGDCGDVACDHFHHFKEDVQLMKQLGFLHYRFSVAWPRIMPAAGIINEEGLLFYEHLLDEIELAGLIPMLTLYAWDLPQWIEDEGGWTQRETIQHFKTYASVIMDRFGERINWWNTINEPYCASILGYGTGEHAPGHENWREAFTAAHHILMCHGIASNLHKEKGLTGKIGITLNMEHVDAASERPEDVAAAIRRDGFINRWFAEPLFNGKYPEDMVEWYGTYLNGLDFVQPGDMELIQQPGDFLGINYYTRSIIRSTNDASLLQVEQVHMEEPVTDMGWEIHPESFYKLLTRIEKDFSKGLPILITENGAAMRDELVNGQIEDTGRHGYIEEHLKACHRFIEEGGQLKGYFVWSFLDNFEWAWGYSKRFGIVHINYETQERTPKQSALWFKQMMAKNGF
0.3010299956639810,1.365862215402560,1.9138138523837200,H122N,MSENTFIFPATFMWGTSTSSYQIEGGTDEGGRTPSIWDTFCQIPGKVIGGDCGDVACDHFHHFKEDVQLMKQLGFLHYRFSVAWPRIMPAAGIINEEGLLFYEHLLDEIELAGLIPMLTLYNWDLPQWIEDEGGWTQRETIQHFKTYASVIMDRFGERINWWNTINEPYCASILGYGTGEHAPGHENWREAFTAAHHILMCHGIASNLHKEKGLTGKIGITLNMEHVDAASERPEDVAAAIRRDGFINRWFAEPLFNGKYPEDMVEWYGTYLNGLDFVQPGDMELIQQPGDFLGINYYTRSIIRSTNDASLLQVEQVHMEEPVTDMGWEIHPESFYKLLTRIEKDFSKGLPILITENGAAMRDELVNGQIEDTGRHGYIEEHLKACHRFIEEGGQLKGYFVWSFLDNFEWAWGYSKRFGIVHINYETQERTPKQSALWFKQMMAKNGF
2.0530784434834200,0.884795363948981,4.167228694175990,H181A,MSENTFIFPATFMWGTSTSSYQIEGGTDEGGRTPSIWDTFCQIPGKVIGGDCGDVACDHFHHFKEDVQLMKQLGFLHYRFSVAWPRIMPAAGIINEEGLLFYEHLLDEIELAGLIPMLTLYHWDLPQWIEDEGGWTQRETIQHFKTYASVIMDRFGERINWWNTINEPYCASILGYGTGEAAPGHENWREAFTAAHHILMCHGIASNLHKEKGLTGKIGITLNMEHVDAASERPEDVAAAIRRDGFINRWFAEPLFNGKYPEDMVEWYGTYLNGLDFVQPGDMELIQQPGDFLGINYYTRSIIRSTNDASLLQVEQVHMEEPVTDMGWEIHPESFYKLLTRIEKDFSKGLPILITENGAAMRDELVNGQIEDTGRHGYIEEHLKACHRFIEEGGQLKGYFVWSFLDNFEWAWGYSKRFGIVHINYETQERTPKQSALWFKQMMAKNGF
1.462397997898960,0.568201724066995,3.894196273831960,H181N,MSENTFIFPATFMWGTSTSSYQIEGGTDEGGRTPSIWDTFCQIPGKVIGGDCGDVACDHFHHFKEDVQLMKQLGFLHYRFSVAWPRIMPAAGIINEEGLLFYEHLLDEIELAGLIPMLTLYHWDLPQWIEDEGGWTQRETIQHFKTYASVIMDRFGERINWWNTINEPYCASILGYGTGENAPGHENWREAFTAAHHILMCHGIASNLHKEKGLTGKIGITLNMEHVDAASERPEDVAAAIRRDGFINRWFAEPLFNGKYPEDMVEWYGTYLNGLDFVQPGDMELIQQPGDFLGINYYTRSIIRSTNDASLLQVEQVHMEEPVTDMGWEIHPESFYKLLTRIEKDFSKGLPILITENGAAMRDELVNGQIEDTGRHGYIEEHLKACHRFIEEGGQLKGYFVWSFLDNFEWAWGYSKRFGIVHINYETQERTPKQSALWFKQMMAKNGF
2.7538893314598300,0.38021124171160600,5.3736780897482300,H318A,MSENTFIFPATFMWGTSTSSYQIEGGTDEGGRTPSIWDTFCQIPGKVIGGDCGDVACDHFHHFKEDVQLMKQLGFLHYRFSVAWPRIMPAAGIINEEGLLFYEHLLDEIELAGLIPMLTLYHWDLPQWIEDEGGWTQRETIQHFKTYASVIMDRFGERINWWNTINEPYCASILGYGTGEHAPGHENWREAFTAAHHILMCHGIASNLHKEKGLTGKIGITLNMEHVDAASERPEDVAAAIRRDGFINRWFAEPLFNGKYPEDMVEWYGTYLNGLDFVQPGDMELIQQPGDFLGINYYTRSIIRSTNDASLLQVEQVAMEEPVTDMGWEIHPESFYKLLTRIEKDFSKGLPILITENGAAMRDELVNGQIEDTGRHGYIEEHLKACHRFIEEGGQLKGYFVWSFLDNFEWAWGYSKRFGIVHINYETQERTPKQSALWFKQMMAKNGF
2.282848602834650,0.7923916894982540,4.4904569133363900,H318Y,MSENTFIFPATFMWGTSTSSYQIEGGTDEGGRTPSIWDTFCQIPGKVIGGDCGDVACDHFHHFKEDVQLMKQLGFLHYRFSVAWPRIMPAAGIINEEGLLFYEHLLDEIELAGLIPMLTLYHWDLPQWIEDEGGWTQRETIQHFKTYASVIMDRFGERINWWNTINEPYCASILGYGTGEHAPGHENWREAFTAAHHILMCHGIASNLHKEKGLTGKIGITLNMEHVDAASERPEDVAAAIRRDGFINRWFAEPLFNGKYPEDMVEWYGTYLNGLDFVQPGDMELIQQPGDFLGINYYTRSIIRSTNDASLLQVEQVYMEEPVTDMGWEIHPESFYKLLTRIEKDFSKGLPILITENGAAMRDELVNGQIEDTGRHGYIEEHLKACHRFIEEGGQLKGYFVWSFLDNFEWAWGYSKRFGIVHINYETQERTPKQSALWFKQMMAKNGF
2.721563318357480,0.7075701760979360,5.013993142259550,H318Y,MSENTFIFPATFMWGTSTSSYQIEGGTDEGGRTPSIWDTFCQIPGKVIGGDCGDVACDHFHHFKEDVQLMKQLGFLHYRFSVAWPRIMPAAGIINEEGLLFYEHLLDEIELAGLIPMLTLYHWDLPQWIEDEGGWTQRETIQHFKTYASVIMDRFGERINWWNTINEPYCASILGYGTGEHAPGHENWREAFTAAHHILMCHGIASNLHKEKGLTGKIGITLNMEHVDAASERPEDVAAAIRRDGFINRWFAEPLFNGKYPEDMVEWYGTYLNGLDFVQPGDMELIQQPGDFLGINYYTRSIIRSTNDASLLQVEQVYMEEPVTDMGWEIHPESFYKLLTRIEKDFSKGLPILITENGAAMRDELVNGQIEDTGRHGYIEEHLKACHRFIEEGGQLKGYFVWSFLDNFEWAWGYSKRFGIVHINYETQERTPKQSALWFKQMMAKNGF
2.8494194137969000,0.8000293592441340,5.049872848104090,H376R,MSENTFIFPATFMWGTSTSSYQIEGGTDEGGRTPSIWDTFCQIPGKVIGGDCGDVACDHFHHFKEDVQLMKQLGFLHYRFSVAWPRIMPAAGIINEEGLLFYEHLLDEIELAGLIPMLTLYHWDLPQWIEDEGGWTQRETIQHFKTYASVIMDRFGERINWWNTINEPYCASILGYGTGEHAPGHENWREAFTAAHHILMCHGIASNLHKEKGLTGKIGITLNMEHVDAASERPEDVAAAIRRDGFINRWFAEPLFNGKYPEDMVEWYGTYLNGLDFVQPGDMELIQQPGDFLGINYYTRSIIRSTNDASLLQVEQVHMEEPVTDMGWEIHPESFYKLLTRIEKDFSKGLPILITENGAAMRDELVNGQIEDTGRRGYIEEHLKACHRFIEEGGQLKGYFVWSFLDNFEWAWGYSKRFGIVHINYETQERTPKQSALWFKQMMAKNGF
2.696356388733330,0.7759743311293690,4.919794348929490,I247E,MSENTFIFPATFMWGTSTSSYQIEGGTDEGGRTPSIWDTFCQIPGKVIGGDCGDVACDHFHHFKEDVQLMKQLGFLHYRFSVAWPRIMPAAGIINEEGLLFYEHLLDEIELAGLIPMLTLYHWDLPQWIEDEGGWTQRETIQHFKTYASVIMDRFGERINWWNTINEPYCASILGYGTGEHAPGHENWREAFTAAHHILMCHGIASNLHKEKGLTGKIGITLNMEHVDAASERPEDVAAAIRRDGFENRWFAEPLFNGKYPEDMVEWYGTYLNGLDFVQPGDMELIQQPGDFLGINYYTRSIIRSTNDASLLQVEQVHMEEPVTDMGWEIHPESFYKLLTRIEKDFSKGLPILITENGAAMRDELVNGQIEDTGRHGYIEEHLKACHRFIEEGGQLKGYFVWSFLDNFEWAWGYSKRFGIVHINYETQERTPKQSALWFKQMMAKNGF
2.550228353055090,0.6901960800285140,4.86003227302658,I247M,MSENTFIFPATFMWGTSTSSYQIEGGTDEGGRTPSIWDTFCQIPGKVIGGDCGDVACDHFHHFKEDVQLMKQLGFLHYRFSVAWPRIMPAAGIINEEGLLFYEHLLDEIELAGLIPMLTLYHWDLPQWIEDEGGWTQRETIQHFKTYASVIMDRFGERINWWNTINEPYCASILGYGTGEHAPGHENWREAFTAAHHILMCHGIASNLHKEKGLTGKIGITLNMEHVDAASERPEDVAAAIRRDGFMNRWFAEPLFNGKYPEDMVEWYGTYLNGLDFVQPGDMELIQQPGDFLGINYYTRSIIRSTNDASLLQVEQVHMEEPVTDMGWEIHPESFYKLLTRIEKDFSKGLPILITENGAAMRDELVNGQIEDTGRHGYIEEHLKACHRFIEEGGQLKGYFVWSFLDNFEWAWGYSKRFGIVHINYETQERTPKQSALWFKQMMAKNGF
2.432969290874410,0.33243845991560500,5.10097675539313,I247N,MSENTFIFPATFMWGTSTSSYQIEGGTDEGGRTPSIWDTFCQIPGKVIGGDCGDVACDHFHHFKEDVQLMKQLGFLHYRFSVAWPRIMPAAGIINEEGLLFYEHLLDEIELAGLIPMLTLYHWDLPQWIEDEGGWTQRETIQHFKTYASVIMDRFGERINWWNTINEPYCASILGYGTGEHAPGHENWREAFTAAHHILMCHGIASNLHKEKGLTGKIGITLNMEHVDAASERPEDVAAAIRRDGFNNRWFAEPLFNGKYPEDMVEWYGTYLNGLDFVQPGDMELIQQPGDFLGINYYTRSIIRSTNDASLLQVEQVHMEEPVTDMGWEIHPESFYKLLTRIEKDFSKGLPILITENGAAMRDELVNGQIEDTGRHGYIEEHLKACHRFIEEGGQLKGYFVWSFLDNFEWAWGYSKRFGIVHINYETQERTPKQSALWFKQMMAKNGF
1.510545010206610,0.11394335230683700,4.396601657899780,I247V,MSENTFIFPATFMWGTSTSSYQIEGGTDEGGRTPSIWDTFCQIPGKVIGGDCGDVACDHFHHFKEDVQLMKQLGFLHYRFSVAWPRIMPAAGIINEEGLLFYEHLLDEIELAGLIPMLTLYHWDLPQWIEDEGGWTQRETIQHFKTYASVIMDRFGERINWWNTINEPYCASILGYGTGEHAPGHENWREAFTAAHHILMCHGIASNLHKEKGLTGKIGITLNMEHVDAASERPEDVAAAIRRDGFVNRWFAEPLFNGKYPEDMVEWYGTYLNGLDFVQPGDMELIQQPGDFLGINYYTRSIIRSTNDASLLQVEQVHMEEPVTDMGWEIHPESFYKLLTRIEKDFSKGLPILITENGAAMRDELVNGQIEDTGRHGYIEEHLKACHRFIEEGGQLKGYFVWSFLDNFEWAWGYSKRFGIVHINYETQERTPKQSALWFKQMMAKNGF
2.8407332346118100,0.651278013998144,5.1895801390792300,I303N,MSENTFIFPATFMWGTSTSSYQIEGGTDEGGRTPSIWDTFCQIPGKVIGGDCGDVACDHFHHFKEDVQLMKQLGFLHYRFSVAWPRIMPAAGIINEEGLLFYEHLLDEIELAGLIPMLTLYHWDLPQWIEDEGGWTQRETIQHFKTYASVIMDRFGERINWWNTINEPYCASILGYGTGEHAPGHENWREAFTAAHHILMCHGIASNLHKEKGLTGKIGITLNMEHVDAASERPEDVAAAIRRDGFINRWFAEPLFNGKYPEDMVEWYGTYLNGLDFVQPGDMELIQQPGDFLGINYYTRSINRSTNDASLLQVEQVHMEEPVTDMGWEIHPESFYKLLTRIEKDFSKGLPILITENGAAMRDELVNGQIEDTGRHGYIEEHLKACHRFIEEGGQLKGYFVWSFLDNFEWAWGYSKRFGIVHINYETQERTPKQSALWFKQMMAKNGF
2.9273703630390200,0.8267225201689920,5.100615197687910,I94E,MSENTFIFPATFMWGTSTSSYQIEGGTDEGGRTPSIWDTFCQIPGKVIGGDCGDVACDHFHHFKEDVQLMKQLGFLHYRFSVAWPRIMPAAGIENEEGLLFYEHLLDEIELAGLIPMLTLYHWDLPQWIEDEGGWTQRETIQHFKTYASVIMDRFGERINWWNTINEPYCASILGYGTGEHAPGHENWREAFTAAHHILMCHGIASNLHKEKGLTGKIGITLNMEHVDAASERPEDVAAAIRRDGFINRWFAEPLFNGKYPEDMVEWYGTYLNGLDFVQPGDMELIQQPGDFLGINYYTRSIIRSTNDASLLQVEQVHMEEPVTDMGWEIHPESFYKLLTRIEKDFSKGLPILITENGAAMRDELVNGQIEDTGRHGYIEEHLKACHRFIEEGGQLKGYFVWSFLDNFEWAWGYSKRFGIVHINYETQERTPKQSALWFKQMMAKNGF
3.0195316845312600,0.7371926427047370,5.282597191770250,K344A,MSENTFIFPATFMWGTSTSSYQIEGGTDEGGRTPSIWDTFCQIPGKVIGGDCGDVACDHFHHFKEDVQLMKQLGFLHYRFSVAWPRIMPAAGIINEEGLLFYEHLLDEIELAGLIPMLTLYHWDLPQWIEDEGGWTQRETIQHFKTYASVIMDRFGERINWWNTINEPYCASILGYGTGEHAPGHENWREAFTAAHHILMCHGIASNLHKEKGLTGKIGITLNMEHVDAASERPEDVAAAIRRDGFINRWFAEPLFNGKYPEDMVEWYGTYLNGLDFVQPGDMELIQQPGDFLGINYYTRSIIRSTNDASLLQVEQVHMEEPVTDMGWEIHPESFYKLLTRIEADFSKGLPILITENGAAMRDELVNGQIEDTGRHGYIEEHLKACHRFIEEGGQLKGYFVWSFLDNFEWAWGYSKRFGIVHINYETQERTPKQSALWFKQMMAKNGF
1.1238516409670900,1.6273658565927300,2.4964857843743500,K416A,MSENTFIFPATFMWGTSTSSYQIEGGTDEGGRTPSIWDTFCQIPGKVIGGDCGDVACDHFHHFKEDVQLMKQLGFLHYRFSVAWPRIMPAAGIINEEGLLFYEHLLDEIELAGLIPMLTLYHWDLPQWIEDEGGWTQRETIQHFKTYASVIMDRFGERINWWNTINEPYCASILGYGTGEHAPGHENWREAFTAAHHILMCHGIASNLHKEKGLTGKIGITLNMEHVDAASERPEDVAAAIRRDGFINRWFAEPLFNGKYPEDMVEWYGTYLNGLDFVQPGDMELIQQPGDFLGINYYTRSIIRSTNDASLLQVEQVHMEEPVTDMGWEIHPESFYKLLTRIEKDFSKGLPILITENGAAMRDELVNGQIEDTGRHGYIEEHLKACHRFIEEGGQLKGYFVWSFLDNFEWAWGYSARFGIVHINYETQERTPKQSALWFKQMMAKNGF
2.9383695974518100,0.9444826721501690,4.993886925301640,L111N,MSENTFIFPATFMWGTSTSSYQIEGGTDEGGRTPSIWDTFCQIPGKVIGGDCGDVACDHFHHFKEDVQLMKQLGFLHYRFSVAWPRIMPAAGIINEEGLLFYEHLLDEIENAGLIPMLTLYHWDLPQWIEDEGGWTQRETIQHFKTYASVIMDRFGERINWWNTINEPYCASILGYGTGEHAPGHENWREAFTAAHHILMCHGIASNLHKEKGLTGKIGITLNMEHVDAASERPEDVAAAIRRDGFINRWFAEPLFNGKYPEDMVEWYGTYLNGLDFVQPGDMELIQQPGDFLGINYYTRSIIRSTNDASLLQVEQVHMEEPVTDMGWEIHPESFYKLLTRIEKDFSKGLPILITENGAAMRDELVNGQIEDTGRHGYIEEHLKACHRFIEEGGQLKGYFVWSFLDNFEWAWGYSKRFGIVHINYETQERTPKQSALWFKQMMAKNGF
2.90687353472207,1.04493154614916,4.861647898026510,L174A,MSENTFIFPATFMWGTSTSSYQIEGGTDEGGRTPSIWDTFCQIPGKVIGGDCGDVACDHFHHFKEDVQLMKQLGFLHYRFSVAWPRIMPAAGIINEEGLLFYEHLLDEIELAGLIPMLTLYHWDLPQWIEDEGGWTQRETIQHFKTYASVIMDRFGERINWWNTINEPYCASIAGYGTGEHAPGHENWREAFTAAHHILMCHGIASNLHKEKGLTGKIGITLNMEHVDAASERPEDVAAAIRRDGFINRWFAEPLFNGKYPEDMVEWYGTYLNGLDFVQPGDMELIQQPGDFLGINYYTRSIIRSTNDASLLQVEQVHMEEPVTDMGWEIHPESFYKLLTRIEKDFSKGLPILITENGAAMRDELVNGQIEDTGRHGYIEEHLKACHRFIEEGGQLKGYFVWSFLDNFEWAWGYSKRFGIVHINYETQERTPKQSALWFKQMMAKNGF
0.9294189257142930,0.4623979978989560,3.4670209278153400,L174D,MSENTFIFPATFMWGTSTSSYQIEGGTDEGGRTPSIWDTFCQIPGKVIGGDCGDVACDHFHHFKEDVQLMKQLGFLHYRFSVAWPRIMPAAGIINEEGLLFYEHLLDEIELAGLIPMLTLYHWDLPQWIEDEGGWTQRETIQHFKTYASVIMDRFGERINWWNTINEPYCASIDGYGTGEHAPGHENWREAFTAAHHILMCHGIASNLHKEKGLTGKIGITLNMEHVDAASERPEDVAAAIRRDGFINRWFAEPLFNGKYPEDMVEWYGTYLNGLDFVQPGDMELIQQPGDFLGINYYTRSIIRSTNDASLLQVEQVHMEEPVTDMGWEIHPESFYKLLTRIEKDFSKGLPILITENGAAMRDELVNGQIEDTGRHGYIEEHLKACHRFIEEGGQLKGYFVWSFLDNFEWAWGYSKRFGIVHINYETQERTPKQSALWFKQMMAKNGF
2.6053050461411100,0.526339277389844,5.079709316489520,L174R,MSENTFIFPATFMWGTSTSSYQIEGGTDEGGRTPSIWDTFCQIPGKVIGGDCGDVACDHFHHFKEDVQLMKQLGFLHYRFSVAWPRIMPAAGIINEEGLLFYEHLLDEIELAGLIPMLTLYHWDLPQWIEDEGGWTQRETIQHFKTYASVIMDRFGERINWWNTINEPYCASIRGYGTGEHAPGHENWREAFTAAHHILMCHGIASNLHKEKGLTGKIGITLNMEHVDAASERPEDVAAAIRRDGFINRWFAEPLFNGKYPEDMVEWYGTYLNGLDFVQPGDMELIQQPGDFLGINYYTRSIIRSTNDASLLQVEQVHMEEPVTDMGWEIHPESFYKLLTRIEKDFSKGLPILITENGAAMRDELVNGQIEDTGRHGYIEEHLKACHRFIEEGGQLKGYFVWSFLDNFEWAWGYSKRFGIVHINYETQERTPKQSALWFKQMMAKNGF
2.3951515915045400,0.5910646070264990,4.804086984478040,L222A,MSENTFIFPATFMWGTSTSSYQIEGGTDEGGRTPSIWDTFCQIPGKVIGGDCGDVACDHFHHFKEDVQLMKQLGFLHYRFSVAWPRIMPAAGIINEEGLLFYEHLLDEIELAGLIPMLTLYHWDLPQWIEDEGGWTQRETIQHFKTYASVIMDRFGERINWWNTINEPYCASILGYGTGEHAPGHENWREAFTAAHHILMCHGIASNLHKEKGLTGKIGITANMEHVDAASERPEDVAAAIRRDGFINRWFAEPLFNGKYPEDMVEWYGTYLNGLDFVQPGDMELIQQPGDFLGINYYTRSIIRSTNDASLLQVEQVHMEEPVTDMGWEIHPESFYKLLTRIEKDFSKGLPILITENGAAMRDELVNGQIEDTGRHGYIEEHLKACHRFIEEGGQLKGYFVWSFLDNFEWAWGYSKRFGIVHINYETQERTPKQSALWFKQMMAKNGF
2.8977370253454300,0.43136376415898700,5.46637326118644,L275N,MSENTFIFPATFMWGTSTSSYQIEGGTDEGGRTPSIWDTFCQIPGKVIGGDCGDVACDHFHHFKEDVQLMKQLGFLHYRFSVAWPRIMPAAGIINEEGLLFYEHLLDEIELAGLIPMLTLYHWDLPQWIEDEGGWTQRETIQHFKTYASVIMDRFGERINWWNTINEPYCASILGYGTGEHAPGHENWREAFTAAHHILMCHGIASNLHKEKGLTGKIGITLNMEHVDAASERPEDVAAAIRRDGFINRWFAEPLFNGKYPEDMVEWYGTYLNGNDFVQPGDMELIQQPGDFLGINYYTRSIIRSTNDASLLQVEQVHMEEPVTDMGWEIHPESFYKLLTRIEKDFSKGLPILITENGAAMRDELVNGQIEDTGRHGYIEEHLKACHRFIEEGGQLKGYFVWSFLDNFEWAWGYSKRFGIVHINYETQERTPKQSALWFKQMMAKNGF
2.962369335670020,0.7160033436347990,5.246365613152190,L365M,MSENTFIFPATFMWGTSTSSYQIEGGTDEGGRTPSIWDTFCQIPGKVIGGDCGDVACDHFHHFKEDVQLMKQLGFLHYRFSVAWPRIMPAAGIINEEGLLFYEHLLDEIELAGLIPMLTLYHWDLPQWIEDEGGWTQRETIQHFKTYASVIMDRFGERINWWNTINEPYCASILGYGTGEHAPGHENWREAFTAAHHILMCHGIASNLHKEKGLTGKIGITLNMEHVDAASERPEDVAAAIRRDGFINRWFAEPLFNGKYPEDMVEWYGTYLNGLDFVQPGDMELIQQPGDFLGINYYTRSIIRSTNDASLLQVEQVHMEEPVTDMGWEIHPESFYKLLTRIEKDFSKGLPILITENGAAMRDEMVNGQIEDTGRHGYIEEHLKACHRFIEEGGQLKGYFVWSFLDNFEWAWGYSKRFGIVHINYETQERTPKQSALWFKQMMAKNGF
2.737987326333430,0.7958800173440750,4.942275992089880,M224A,MSENTFIFPATFMWGTSTSSYQIEGGTDEGGRTPSIWDTFCQIPGKVIGGDCGDVACDHFHHFKEDVQLMKQLGFLHYRFSVAWPRIMPAAGIINEEGLLFYEHLLDEIELAGLIPMLTLYHWDLPQWIEDEGGWTQRETIQHFKTYASVIMDRFGERINWWNTINEPYCASILGYGTGEHAPGHENWREAFTAAHHILMCHGIASNLHKEKGLTGKIGITLNAEHVDAASERPEDVAAAIRRDGFINRWFAEPLFNGKYPEDMVEWYGTYLNGLDFVQPGDMELIQQPGDFLGINYYTRSIIRSTNDASLLQVEQVHMEEPVTDMGWEIHPESFYKLLTRIEKDFSKGLPILITENGAAMRDELVNGQIEDTGRHGYIEEHLKACHRFIEEGGQLKGYFVWSFLDNFEWAWGYSKRFGIVHINYETQERTPKQSALWFKQMMAKNGF
2.263399331334000,0.9242792860618820,4.339120045272120,M264E,MSENTFIFPATFMWGTSTSSYQIEGGTDEGGRTPSIWDTFCQIPGKVIGGDCGDVACDHFHHFKEDVQLMKQLGFLHYRFSVAWPRIMPAAGIINEEGLLFYEHLLDEIELAGLIPMLTLYHWDLPQWIEDEGGWTQRETIQHFKTYASVIMDRFGERINWWNTINEPYCASILGYGTGEHAPGHENWREAFTAAHHILMCHGIASNLHKEKGLTGKIGITLNMEHVDAASERPEDVAAAIRRDGFINRWFAEPLFNGKYPEDEVEWYGTYLNGLDFVQPGDMELIQQPGDFLGINYYTRSIIRSTNDASLLQVEQVHMEEPVTDMGWEIHPESFYKLLTRIEKDFSKGLPILITENGAAMRDELVNGQIEDTGRHGYIEEHLKACHRFIEEGGQLKGYFVWSFLDNFEWAWGYSKRFGIVHINYETQERTPKQSALWFKQMMAKNGF
2.6190933306267400,0.9703468762300930,4.648135486141790,M326A,MSENTFIFPATFMWGTSTSSYQIEGGTDEGGRTPSIWDTFCQIPGKVIGGDCGDVACDHFHHFKEDVQLMKQLGFLHYRFSVAWPRIMPAAGIINEEGLLFYEHLLDEIELAGLIPMLTLYHWDLPQWIEDEGGWTQRETIQHFKTYASVIMDRFGERINWWNTINEPYCASILGYGTGEHAPGHENWREAFTAAHHILMCHGIASNLHKEKGLTGKIGITLNMEHVDAASERPEDVAAAIRRDGFINRWFAEPLFNGKYPEDMVEWYGTYLNGLDFVQPGDMELIQQPGDFLGINYYTRSIIRSTNDASLLQVEQVHMEEPVTDAGWEIHPESFYKLLTRIEKDFSKGLPILITENGAAMRDELVNGQIEDTGRHGYIEEHLKACHRFIEEGGQLKGYFVWSFLDNFEWAWGYSKRFGIVHINYETQERTPKQSALWFKQMMAKNGF
2.639486489268590,0.6839471307515120,4.955403899273080,M361T,MSENTFIFPATFMWGTSTSSYQIEGGTDEGGRTPSIWDTFCQIPGKVIGGDCGDVACDHFHHFKEDVQLMKQLGFLHYRFSVAWPRIMPAAGIINEEGLLFYEHLLDEIELAGLIPMLTLYHWDLPQWIEDEGGWTQRETIQHFKTYASVIMDRFGERINWWNTINEPYCASILGYGTGEHAPGHENWREAFTAAHHILMCHGIASNLHKEKGLTGKIGITLNMEHVDAASERPEDVAAAIRRDGFINRWFAEPLFNGKYPEDMVEWYGTYLNGLDFVQPGDMELIQQPGDFLGINYYTRSIIRSTNDASLLQVEQVHMEEPVTDMGWEIHPESFYKLLTRIEKDFSKGLPILITENGAATRDELVNGQIEDTGRHGYIEEHLKACHRFIEEGGQLKGYFVWSFLDNFEWAWGYSKRFGIVHINYETQERTPKQSALWFKQMMAKNGF
0.8450980400142570,1.0773679052841600,2.7466341989375800,N166A,MSENTFIFPATFMWGTSTSSYQIEGGTDEGGRTPSIWDTFCQIPGKVIGGDCGDVACDHFHHFKEDVQLMKQLGFLHYRFSVAWPRIMPAAGIINEEGLLFYEHLLDEIELAGLIPMLTLYHWDLPQWIEDEGGWTQRETIQHFKTYASVIMDRFGERINWWNTIAEPYCASILGYGTGEHAPGHENWREAFTAAHHILMCHGIASNLHKEKGLTGKIGITLNMEHVDAASERPEDVAAAIRRDGFINRWFAEPLFNGKYPEDMVEWYGTYLNGLDFVQPGDMELIQQPGDFLGINYYTRSIIRSTNDASLLQVEQVHMEEPVTDMGWEIHPESFYKLLTRIEKDFSKGLPILITENGAAMRDELVNGQIEDTGRHGYIEEHLKACHRFIEEGGQLKGYFVWSFLDNFEWAWGYSKRFGIVHINYETQERTPKQSALWFKQMMAKNGF
1.414973347970820,0.7339992865383870,3.678154038010440,N166C,MSENTFIFPATFMWGTSTSSYQIEGGTDEGGRTPSIWDTFCQIPGKVIGGDCGDVACDHFHHFKEDVQLMKQLGFLHYRFSVAWPRIMPAAGIINEEGLLFYEHLLDEIELAGLIPMLTLYHWDLPQWIEDEGGWTQRETIQHFKTYASVIMDRFGERINWWNTICEPYCASILGYGTGEHAPGHENWREAFTAAHHILMCHGIASNLHKEKGLTGKIGITLNMEHVDAASERPEDVAAAIRRDGFINRWFAEPLFNGKYPEDMVEWYGTYLNGLDFVQPGDMELIQQPGDFLGINYYTRSIIRSTNDASLLQVEQVHMEEPVTDMGWEIHPESFYKLLTRIEKDFSKGLPILITENGAAMRDELVNGQIEDTGRHGYIEEHLKACHRFIEEGGQLKGYFVWSFLDNFEWAWGYSKRFGIVHINYETQERTPKQSALWFKQMMAKNGF
1.0791812460476200,1.1815577738627900,2.89707700320942,N166D,MSENTFIFPATFMWGTSTSSYQIEGGTDEGGRTPSIWDTFCQIPGKVIGGDCGDVACDHFHHFKEDVQLMKQLGFLHYRFSVAWPRIMPAAGIINEEGLLFYEHLLDEIELAGLIPMLTLYHWDLPQWIEDEGGWTQRETIQHFKTYASVIMDRFGERINWWNTIDEPYCASILGYGTGEHAPGHENWREAFTAAHHILMCHGIASNLHKEKGLTGKIGITLNMEHVDAASERPEDVAAAIRRDGFINRWFAEPLFNGKYPEDMVEWYGTYLNGLDFVQPGDMELIQQPGDFLGINYYTRSIIRSTNDASLLQVEQVHMEEPVTDMGWEIHPESFYKLLTRIEKDFSKGLPILITENGAAMRDELVNGQIEDTGRHGYIEEHLKACHRFIEEGGQLKGYFVWSFLDNFEWAWGYSKRFGIVHINYETQERTPKQSALWFKQMMAKNGF
1.100370545117560,1.3747483460101000,2.725622199107460,N166S,MSENTFIFPATFMWGTSTSSYQIEGGTDEGGRTPSIWDTFCQIPGKVIGGDCGDVACDHFHHFKEDVQLMKQLGFLHYRFSVAWPRIMPAAGIINEEGLLFYEHLLDEIELAGLIPMLTLYHWDLPQWIEDEGGWTQRETIQHFKTYASVIMDRFGERINWWNTISEPYCASILGYGTGEHAPGHENWREAFTAAHHILMCHGIASNLHKEKGLTGKIGITLNMEHVDAASERPEDVAAAIRRDGFINRWFAEPLFNGKYPEDMVEWYGTYLNGLDFVQPGDMELIQQPGDFLGINYYTRSIIRSTNDASLLQVEQVHMEEPVTDMGWEIHPESFYKLLTRIEKDFSKGLPILITENGAAMRDELVNGQIEDTGRHGYIEEHLKACHRFIEEGGQLKGYFVWSFLDNFEWAWGYSKRFGIVHINYETQERTPKQSALWFKQMMAKNGF
2.6074550232146700,1.011570443597280,4.59577170200094,N223A,MSENTFIFPATFMWGTSTSSYQIEGGTDEGGRTPSIWDTFCQIPGKVIGGDCGDVACDHFHHFKEDVQLMKQLGFLHYRFSVAWPRIMPAAGIINEEGLLFYEHLLDEIELAGLIPMLTLYHWDLPQWIEDEGGWTQRETIQHFKTYASVIMDRFGERINWWNTINEPYCASILGYGTGEHAPGHENWREAFTAAHHILMCHGIASNLHKEKGLTGKIGITLAMEHVDAASERPEDVAAAIRRDGFINRWFAEPLFNGKYPEDMVEWYGTYLNGLDFVQPGDMELIQQPGDFLGINYYTRSIIRSTNDASLLQVEQVHMEEPVTDMGWEIHPESFYKLLTRIEKDFSKGLPILITENGAAMRDELVNGQIEDTGRHGYIEEHLKACHRFIEEGGQLKGYFVWSFLDNFEWAWGYSKRFGIVHINYETQERTPKQSALWFKQMMAKNGF
1.57287160220048,0.5797835966168100,3.99308800558367,N223D,MSENTFIFPATFMWGTSTSSYQIEGGTDEGGRTPSIWDTFCQIPGKVIGGDCGDVACDHFHHFKEDVQLMKQLGFLHYRFSVAWPRIMPAAGIINEEGLLFYEHLLDEIELAGLIPMLTLYHWDLPQWIEDEGGWTQRETIQHFKTYASVIMDRFGERINWWNTINEPYCASILGYGTGEHAPGHENWREAFTAAHHILMCHGIASNLHKEKGLTGKIGITLDMEHVDAASERPEDVAAAIRRDGFINRWFAEPLFNGKYPEDMVEWYGTYLNGLDFVQPGDMELIQQPGDFLGINYYTRSIIRSTNDASLLQVEQVHMEEPVTDMGWEIHPESFYKLLTRIEKDFSKGLPILITENGAAMRDELVNGQIEDTGRHGYIEEHLKACHRFIEEGGQLKGYFVWSFLDNFEWAWGYSKRFGIVHINYETQERTPKQSALWFKQMMAKNGF
2.3201462861110500,1.5224442335063200,3.7976829349149000,N223G,MSENTFIFPATFMWGTSTSSYQIEGGTDEGGRTPSIWDTFCQIPGKVIGGDCGDVACDHFHHFKEDVQLMKQLGFLHYRFSVAWPRIMPAAGIINEEGLLFYEHLLDEIELAGLIPMLTLYHWDLPQWIEDEGGWTQRETIQHFKTYASVIMDRFGERINWWNTINEPYCASILGYGTGEHAPGHENWREAFTAAHHILMCHGIASNLHKEKGLTGKIGITLGMEHVDAASERPEDVAAAIRRDGFINRWFAEPLFNGKYPEDMVEWYGTYLNGLDFVQPGDMELIQQPGDFLGINYYTRSIIRSTNDASLLQVEQVHMEEPVTDMGWEIHPESFYKLLTRIEKDFSKGLPILITENGAAMRDELVNGQIEDTGRHGYIEEHLKACHRFIEEGGQLKGYFVWSFLDNFEWAWGYSKRFGIVHINYETQERTPKQSALWFKQMMAKNGF
2.089905111439400,0.7109631189952760,4.377925189530030,N223H,MSENTFIFPATFMWGTSTSSYQIEGGTDEGGRTPSIWDTFCQIPGKVIGGDCGDVACDHFHHFKEDVQLMKQLGFLHYRFSVAWPRIMPAAGIINEEGLLFYEHLLDEIELAGLIPMLTLYHWDLPQWIEDEGGWTQRETIQHFKTYASVIMDRFGERINWWNTINEPYCASILGYGTGEHAPGHENWREAFTAAHHILMCHGIASNLHKEKGLTGKIGITLHMEHVDAASERPEDVAAAIRRDGFINRWFAEPLFNGKYPEDMVEWYGTYLNGLDFVQPGDMELIQQPGDFLGINYYTRSIIRSTNDASLLQVEQVHMEEPVTDMGWEIHPESFYKLLTRIEKDFSKGLPILITENGAAMRDELVNGQIEDTGRHGYIEEHLKACHRFIEEGGQLKGYFVWSFLDNFEWAWGYSKRFGIVHINYETQERTPKQSALWFKQMMAKNGF
1.1760912590556800,1.0969100130080600,3.076276255404220,N223R,MSENTFIFPATFMWGTSTSSYQIEGGTDEGGRTPSIWDTFCQIPGKVIGGDCGDVACDHFHHFKEDVQLMKQLGFLHYRFSVAWPRIMPAAGIINEEGLLFYEHLLDEIELAGLIPMLTLYHWDLPQWIEDEGGWTQRETIQHFKTYASVIMDRFGERINWWNTINEPYCASILGYGTGEHAPGHENWREAFTAAHHILMCHGIASNLHKEKGLTGKIGITLRMEHVDAASERPEDVAAAIRRDGFINRWFAEPLFNGKYPEDMVEWYGTYLNGLDFVQPGDMELIQQPGDFLGINYYTRSIIRSTNDASLLQVEQVHMEEPVTDMGWEIHPESFYKLLTRIEKDFSKGLPILITENGAAMRDELVNGQIEDTGRHGYIEEHLKACHRFIEEGGQLKGYFVWSFLDNFEWAWGYSKRFGIVHINYETQERTPKQSALWFKQMMAKNGF
1.61066016308988,1.6551384348113800,2.9555217282785000,N223S,MSENTFIFPATFMWGTSTSSYQIEGGTDEGGRTPSIWDTFCQIPGKVIGGDCGDVACDHFHHFKEDVQLMKQLGFLHYRFSVAWPRIMPAAGIINEEGLLFYEHLLDEIELAGLIPMLTLYHWDLPQWIEDEGGWTQRETIQHFKTYASVIMDRFGERINWWNTINEPYCASILGYGTGEHAPGHENWREAFTAAHHILMCHGIASNLHKEKGLTGKIGITLSMEHVDAASERPEDVAAAIRRDGFINRWFAEPLFNGKYPEDMVEWYGTYLNGLDFVQPGDMELIQQPGDFLGINYYTRSIIRSTNDASLLQVEQVHMEEPVTDMGWEIHPESFYKLLTRIEKDFSKGLPILITENGAAMRDELVNGQIEDTGRHGYIEEHLKACHRFIEEGGQLKGYFVWSFLDNFEWAWGYSKRFGIVHINYETQERTPKQSALWFKQMMAKNGF
2.797959643737200,-0.3979400086720380,6.195899652409230,N223Y,MSENTFIFPATFMWGTSTSSYQIEGGTDEGGRTPSIWDTFCQIPGKVIGGDCGDVACDHFHHFKEDVQLMKQLGFLHYRFSVAWPRIMPAAGIINEEGLLFYEHLLDEIELAGLIPMLTLYHWDLPQWIEDEGGWTQRETIQHFKTYASVIMDRFGERINWWNTINEPYCASILGYGTGEHAPGHENWREAFTAAHHILMCHGIASNLHKEKGLTGKIGITLYMEHVDAASERPEDVAAAIRRDGFINRWFAEPLFNGKYPEDMVEWYGTYLNGLDFVQPGDMELIQQPGDFLGINYYTRSIIRSTNDASLLQVEQVHMEEPVTDMGWEIHPESFYKLLTRIEKDFSKGLPILITENGAAMRDELVNGQIEDTGRHGYIEEHLKACHRFIEEGGQLKGYFVWSFLDNFEWAWGYSKRFGIVHINYETQERTPKQSALWFKQMMAKNGF
1.1139433523068400,0.9854264740830020,3.118264726089480,N296A,MSENTFIFPATFMWGTSTSSYQIEGGTDEGGRTPSIWDTFCQIPGKVIGGDCGDVACDHFHHFKEDVQLMKQLGFLHYRFSVAWPRIMPAAGIINEEGLLFYEHLLDEIELAGLIPMLTLYHWDLPQWIEDEGGWTQRETIQHFKTYASVIMDRFGERINWWNTINEPYCASILGYGTGEHAPGHENWREAFTAAHHILMCHGIASNLHKEKGLTGKIGITLNMEHVDAASERPEDVAAAIRRDGFINRWFAEPLFNGKYPEDMVEWYGTYLNGLDFVQPGDMELIQQPGDFLGIAYYTRSIIRSTNDASLLQVEQVHMEEPVTDMGWEIHPESFYKLLTRIEKDFSKGLPILITENGAAMRDELVNGQIEDTGRHGYIEEHLKACHRFIEEGGQLKGYFVWSFLDNFEWAWGYSKRFGIVHINYETQERTPKQSALWFKQMMAKNGF
1.0413926851582300,1.2966651902615300,2.7450747915820600,N296C,MSENTFIFPATFMWGTSTSSYQIEGGTDEGGRTPSIWDTFCQIPGKVIGGDCGDVACDHFHHFKEDVQLMKQLGFLHYRFSVAWPRIMPAAGIINEEGLLFYEHLLDEIELAGLIPMLTLYHWDLPQWIEDEGGWTQRETIQHFKTYASVIMDRFGERINWWNTINEPYCASILGYGTGEHAPGHENWREAFTAAHHILMCHGIASNLHKEKGLTGKIGITLNMEHVDAASERPEDVAAAIRRDGFINRWFAEPLFNGKYPEDMVEWYGTYLNGLDFVQPGDMELIQQPGDFLGICYYTRSIIRSTNDASLLQVEQVHMEEPVTDMGWEIHPESFYKLLTRIEKDFSKGLPILITENGAAMRDELVNGQIEDTGRHGYIEEHLKACHRFIEEGGQLKGYFVWSFLDNFEWAWGYSKRFGIVHINYETQERTPKQSALWFKQMMAKNGF
1.5998830720736900,0.9590413923210940,3.640841679752590,N296S,MSENTFIFPATFMWGTSTSSYQIEGGTDEGGRTPSIWDTFCQIPGKVIGGDCGDVACDHFHHFKEDVQLMKQLGFLHYRFSVAWPRIMPAAGIINEEGLLFYEHLLDEIELAGLIPMLTLYHWDLPQWIEDEGGWTQRETIQHFKTYASVIMDRFGERINWWNTINEPYCASILGYGTGEHAPGHENWREAFTAAHHILMCHGIASNLHKEKGLTGKIGITLNMEHVDAASERPEDVAAAIRRDGFINRWFAEPLFNGKYPEDMVEWYGTYLNGLDFVQPGDMELIQQPGDFLGISYYTRSIIRSTNDASLLQVEQVHMEEPVTDMGWEIHPESFYKLLTRIEKDFSKGLPILITENGAAMRDELVNGQIEDTGRHGYIEEHLKACHRFIEEGGQLKGYFVWSFLDNFEWAWGYSKRFGIVHINYETQERTPKQSALWFKQMMAKNGF
0.47712125471966200,0.7307822756663890,2.737987326333430,N357A,MSENTFIFPATFMWGTSTSSYQIEGGTDEGGRTPSIWDTFCQIPGKVIGGDCGDVACDHFHHFKEDVQLMKQLGFLHYRFSVAWPRIMPAAGIINEEGLLFYEHLLDEIELAGLIPMLTLYHWDLPQWIEDEGGWTQRETIQHFKTYASVIMDRFGERINWWNTINEPYCASILGYGTGEHAPGHENWREAFTAAHHILMCHGIASNLHKEKGLTGKIGITLNMEHVDAASERPEDVAAAIRRDGFINRWFAEPLFNGKYPEDMVEWYGTYLNGLDFVQPGDMELIQQPGDFLGINYYTRSIIRSTNDASLLQVEQVHMEEPVTDMGWEIHPESFYKLLTRIEKDFSKGLPILITEAGAAMRDELVNGQIEDTGRHGYIEEHLKACHRFIEEGGQLKGYFVWSFLDNFEWAWGYSKRFGIVHINYETQERTPKQSALWFKQMMAKNGF
0.6020599913279620,0.9740509027928770,2.5943925503754300,N407A,MSENTFIFPATFMWGTSTSSYQIEGGTDEGGRTPSIWDTFCQIPGKVIGGDCGDVACDHFHHFKEDVQLMKQLGFLHYRFSVAWPRIMPAAGIINEEGLLFYEHLLDEIELAGLIPMLTLYHWDLPQWIEDEGGWTQRETIQHFKTYASVIMDRFGERINWWNTINEPYCASILGYGTGEHAPGHENWREAFTAAHHILMCHGIASNLHKEKGLTGKIGITLNMEHVDAASERPEDVAAAIRRDGFINRWFAEPLFNGKYPEDMVEWYGTYLNGLDFVQPGDMELIQQPGDFLGINYYTRSIIRSTNDASLLQVEQVHMEEPVTDMGWEIHPESFYKLLTRIEKDFSKGLPILITENGAAMRDELVNGQIEDTGRHGYIEEHLKACHRFIEEGGQLKGYFVWSFLDAFEWAWGYSKRFGIVHINYETQERTPKQSALWFKQMMAKNGF
1.9294189257142900,1.1583624920952500,3.772101569277010,N407C,MSENTFIFPATFMWGTSTSSYQIEGGTDEGGRTPSIWDTFCQIPGKVIGGDCGDVACDHFHHFKEDVQLMKQLGFLHYRFSVAWPRIMPAAGIINEEGLLFYEHLLDEIELAGLIPMLTLYHWDLPQWIEDEGGWTQRETIQHFKTYASVIMDRFGERINWWNTINEPYCASILGYGTGEHAPGHENWREAFTAAHHILMCHGIASNLHKEKGLTGKIGITLNMEHVDAASERPEDVAAAIRRDGFINRWFAEPLFNGKYPEDMVEWYGTYLNGLDFVQPGDMELIQQPGDFLGINYYTRSIIRSTNDASLLQVEQVHMEEPVTDMGWEIHPESFYKLLTRIEKDFSKGLPILITENGAAMRDELVNGQIEDTGRHGYIEEHLKACHRFIEEGGQLKGYFVWSFLDCFEWAWGYSKRFGIVHINYETQERTPKQSALWFKQMMAKNGF
2.7696726640554900,0.3979400086720380,5.371732655383460,Q287R,MSENTFIFPATFMWGTSTSSYQIEGGTDEGGRTPSIWDTFCQIPGKVIGGDCGDVACDHFHHFKEDVQLMKQLGFLHYRFSVAWPRIMPAAGIINEEGLLFYEHLLDEIELAGLIPMLTLYHWDLPQWIEDEGGWTQRETIQHFKTYASVIMDRFGERINWWNTINEPYCASILGYGTGEHAPGHENWREAFTAAHHILMCHGIASNLHKEKGLTGKIGITLNMEHVDAASERPEDVAAAIRRDGFINRWFAEPLFNGKYPEDMVEWYGTYLNGLDFVQPGDMELIRQPGDFLGINYYTRSIIRSTNDASLLQVEQVHMEEPVTDMGWEIHPESFYKLLTRIEKDFSKGLPILITENGAAMRDELVNGQIEDTGRHGYIEEHLKACHRFIEEGGQLKGYFVWSFLDNFEWAWGYSKRFGIVHINYETQERTPKQSALWFKQMMAKNGF
1.4099331233312900,1.0,3.4099331233312900,Q316E,MSENTFIFPATFMWGTSTSSYQIEGGTDEGGRTPSIWDTFCQIPGKVIGGDCGDVACDHFHHFKEDVQLMKQLGFLHYRFSVAWPRIMPAAGIINEEGLLFYEHLLDEIELAGLIPMLTLYHWDLPQWIEDEGGWTQRETIQHFKTYASVIMDRFGERINWWNTINEPYCASILGYGTGEHAPGHENWREAFTAAHHILMCHGIASNLHKEKGLTGKIGITLNMEHVDAASERPEDVAAAIRRDGFINRWFAEPLFNGKYPEDMVEWYGTYLNGLDFVQPGDMELIQQPGDFLGINYYTRSIIRSTNDASLLQVEEVHMEEPVTDMGWEIHPESFYKLLTRIEKDFSKGLPILITENGAAMRDELVNGQIEDTGRHGYIEEHLKACHRFIEEGGQLKGYFVWSFLDNFEWAWGYSKRFGIVHINYETQERTPKQSALWFKQMMAKNGF
2.8382192219076300,0.5538830266438740,5.284144117733730,Q316R,MSENTFIFPATFMWGTSTSSYQIEGGTDEGGRTPSIWDTFCQIPGKVIGGDCGDVACDHFHHFKEDVQLMKQLGFLHYRFSVAWPRIMPAAGIINEEGLLFYEHLLDEIELAGLIPMLTLYHWDLPQWIEDEGGWTQRETIQHFKTYASVIMDRFGERINWWNTINEPYCASILGYGTGEHAPGHENWREAFTAAHHILMCHGIASNLHKEKGLTGKIGITLNMEHVDAASERPEDVAAAIRRDGFINRWFAEPLFNGKYPEDMVEWYGTYLNGLDFVQPGDMELIQQPGDFLGINYYTRSIIRSTNDASLLQVERVHMEEPVTDMGWEIHPESFYKLLTRIEKDFSKGLPILITENGAAMRDELVNGQIEDTGRHGYIEEHLKACHRFIEEGGQLKGYFVWSFLDNFEWAWGYSKRFGIVHINYETQERTPKQSALWFKQMMAKNGF
4.041826762637540,1.2891428359323300,5.7526345418815600,R243A,MSENTFIFPATFMWGTSTSSYQIEGGTDEGGRTPSIWDTFCQIPGKVIGGDCGDVACDHFHHFKEDVQLMKQLGFLHYRFSVAWPRIMPAAGIINEEGLLFYEHLLDEIELAGLIPMLTLYHWDLPQWIEDEGGWTQRETIQHFKTYASVIMDRFGERINWWNTINEPYCASILGYGTGEHAPGHENWREAFTAAHHILMCHGIASNLHKEKGLTGKIGITLNMEHVDAASERPEDVAAAIRADGFINRWFAEPLFNGKYPEDMVEWYGTYLNGLDFVQPGDMELIQQPGDFLGINYYTRSIIRSTNDASLLQVEQVHMEEPVTDMGWEIHPESFYKLLTRIEKDFSKGLPILITENGAAMRDELVNGQIEDTGRHGYIEEHLKACHRFIEEGGQLKGYFVWSFLDNFEWAWGYSKRFGIVHINYETQERTPKQSALWFKQMMAKNGF
2.450249108319360,1.0342272607705500,4.416524014268650,R243D,MSENTFIFPATFMWGTSTSSYQIEGGTDEGGRTPSIWDTFCQIPGKVIGGDCGDVACDHFHHFKEDVQLMKQLGFLHYRFSVAWPRIMPAAGIINEEGLLFYEHLLDEIELAGLIPMLTLYHWDLPQWIEDEGGWTQRETIQHFKTYASVIMDRFGERINWWNTINEPYCASILGYGTGEHAPGHENWREAFTAAHHILMCHGIASNLHKEKGLTGKIGITLNMEHVDAASERPEDVAAAIRDDGFINRWFAEPLFNGKYPEDMVEWYGTYLNGLDFVQPGDMELIQQPGDFLGINYYTRSIIRSTNDASLLQVEQVHMEEPVTDMGWEIHPESFYKLLTRIEKDFSKGLPILITENGAAMRDELVNGQIEDTGRHGYIEEHLKACHRFIEEGGQLKGYFVWSFLDNFEWAWGYSKRFGIVHINYETQERTPKQSALWFKQMMAKNGF
2.9532763366673000,1.247236549506760,4.706111565560390,R243K,MSENTFIFPATFMWGTSTSSYQIEGGTDEGGRTPSIWDTFCQIPGKVIGGDCGDVACDHFHHFKEDVQLMKQLGFLHYRFSVAWPRIMPAAGIINEEGLLFYEHLLDEIELAGLIPMLTLYHWDLPQWIEDEGGWTQRETIQHFKTYASVIMDRFGERINWWNTINEPYCASILGYGTGEHAPGHENWREAFTAAHHILMCHGIASNLHKEKGLTGKIGITLNMEHVDAASERPEDVAAAIRKDGFINRWFAEPLFNGKYPEDMVEWYGTYLNGLDFVQPGDMELIQQPGDFLGINYYTRSIIRSTNDASLLQVEQVHMEEPVTDMGWEIHPESFYKLLTRIEKDFSKGLPILITENGAAMRDELVNGQIEDTGRHGYIEEHLKACHRFIEEGGQLKGYFVWSFLDNFEWAWGYSKRFGIVHINYETQERTPKQSALWFKQMMAKNGF
2.505149978319910,0.9164539485499250,4.589089091925740,S17A,MSENTFIFPATFMWGTATSSYQIEGGTDEGGRTPSIWDTFCQIPGKVIGGDCGDVACDHFHHFKEDVQLMKQLGFLHYRFSVAWPRIMPAAGIINEEGLLFYEHLLDEIELAGLIPMLTLYHWDLPQWIEDEGGWTQRETIQHFKTYASVIMDRFGERINWWNTINEPYCASILGYGTGEHAPGHENWREAFTAAHHILMCHGIASNLHKEKGLTGKIGITLNMEHVDAASERPEDVAAAIRRDGFINRWFAEPLFNGKYPEDMVEWYGTYLNGLDFVQPGDMELIQQPGDFLGINYYTRSIIRSTNDASLLQVEQVHMEEPVTDMGWEIHPESFYKLLTRIEKDFSKGLPILITENGAAMRDELVNGQIEDTGRHGYIEEHLKACHRFIEEGGQLKGYFVWSFLDNFEWAWGYSKRFGIVHINYETQERTPKQSALWFKQMMAKNGF
2.187520720836460,1.1464381352857700,4.04127422505423,S19A,MSENTFIFPATFMWGTSTASYQIEGGTDEGGRTPSIWDTFCQIPGKVIGGDCGDVACDHFHHFKEDVQLMKQLGFLHYRFSVAWPRIMPAAGIINEEGLLFYEHLLDEIELAGLIPMLTLYHWDLPQWIEDEGGWTQRETIQHFKTYASVIMDRFGERINWWNTINEPYCASILGYGTGEHAPGHENWREAFTAAHHILMCHGIASNLHKEKGLTGKIGITLNMEHVDAASERPEDVAAAIRRDGFINRWFAEPLFNGKYPEDMVEWYGTYLNGLDFVQPGDMELIQQPGDFLGINYYTRSIIRSTNDASLLQVEQVHMEEPVTDMGWEIHPESFYKLLTRIEKDFSKGLPILITENGAAMRDELVNGQIEDTGRHGYIEEHLKACHRFIEEGGQLKGYFVWSFLDNFEWAWGYSKRFGIVHINYETQERTPKQSALWFKQMMAKNGF
2.9283958522567100,1.2659963704950800,4.66255007594033,S20A,MSENTFIFPATFMWGTSTSAYQIEGGTDEGGRTPSIWDTFCQIPGKVIGGDCGDVACDHFHHFKEDVQLMKQLGFLHYRFSVAWPRIMPAAGIINEEGLLFYEHLLDEIELAGLIPMLTLYHWDLPQWIEDEGGWTQRETIQHFKTYASVIMDRFGERINWWNTINEPYCASILGYGTGEHAPGHENWREAFTAAHHILMCHGIASNLHKEKGLTGKIGITLNMEHVDAASERPEDVAAAIRRDGFINRWFAEPLFNGKYPEDMVEWYGTYLNGLDFVQPGDMELIQQPGDFLGINYYTRSIIRSTNDASLLQVEQVHMEEPVTDMGWEIHPESFYKLLTRIEKDFSKGLPILITENGAAMRDELVNGQIEDTGRHGYIEEHLKACHRFIEEGGQLKGYFVWSFLDNFEWAWGYSKRFGIVHINYETQERTPKQSALWFKQMMAKNGF
2.8068580295188200,0.8645110810583920,4.942484274917050,S20E,MSENTFIFPATFMWGTSTSEYQIEGGTDEGGRTPSIWDTFCQIPGKVIGGDCGDVACDHFHHFKEDVQLMKQLGFLHYRFSVAWPRIMPAAGIINEEGLLFYEHLLDEIELAGLIPMLTLYHWDLPQWIEDEGGWTQRETIQHFKTYASVIMDRFGERINWWNTINEPYCASILGYGTGEHAPGHENWREAFTAAHHILMCHGIASNLHKEKGLTGKIGITLNMEHVDAASERPEDVAAAIRRDGFINRWFAEPLFNGKYPEDMVEWYGTYLNGLDFVQPGDMELIQQPGDFLGINYYTRSIIRSTNDASLLQVEQVHMEEPVTDMGWEIHPESFYKLLTRIEKDFSKGLPILITENGAAMRDELVNGQIEDTGRHGYIEEHLKACHRFIEEGGQLKGYFVWSFLDNFEWAWGYSKRFGIVHINYETQERTPKQSALWFKQMMAKNGF
2.9079485216122700,0.7226339225338120,5.185440155915030,S301E,MSENTFIFPATFMWGTSTSSYQIEGGTDEGGRTPSIWDTFCQIPGKVIGGDCGDVACDHFHHFKEDVQLMKQLGFLHYRFSVAWPRIMPAAGIINEEGLLFYEHLLDEIELAGLIPMLTLYHWDLPQWIEDEGGWTQRETIQHFKTYASVIMDRFGERINWWNTINEPYCASILGYGTGEHAPGHENWREAFTAAHHILMCHGIASNLHKEKGLTGKIGITLNMEHVDAASERPEDVAAAIRRDGFINRWFAEPLFNGKYPEDMVEWYGTYLNGLDFVQPGDMELIQQPGDFLGINYYTREIIRSTNDASLLQVEQVHMEEPVTDMGWEIHPESFYKLLTRIEKDFSKGLPILITENGAAMRDELVNGQIEDTGRHGYIEEHLKACHRFIEEGGQLKGYFVWSFLDNFEWAWGYSKRFGIVHINYETQERTPKQSALWFKQMMAKNGF
2.9122220565324200,0.6374897295125110,5.2748641581758600,S334A,MSENTFIFPATFMWGTSTSSYQIEGGTDEGGRTPSIWDTFCQIPGKVIGGDCGDVACDHFHHFKEDVQLMKQLGFLHYRFSVAWPRIMPAAGIINEEGLLFYEHLLDEIELAGLIPMLTLYHWDLPQWIEDEGGWTQRETIQHFKTYASVIMDRFGERINWWNTINEPYCASILGYGTGEHAPGHENWREAFTAAHHILMCHGIASNLHKEKGLTGKIGITLNMEHVDAASERPEDVAAAIRRDGFINRWFAEPLFNGKYPEDMVEWYGTYLNGLDFVQPGDMELIQQPGDFLGINYYTRSIIRSTNDASLLQVEQVHMEEPVTDMGWEIHPEAFYKLLTRIEKDFSKGLPILITENGAAMRDELVNGQIEDTGRHGYIEEHLKACHRFIEEGGQLKGYFVWSFLDNFEWAWGYSKRFGIVHINYETQERTPKQSALWFKQMMAKNGF
2.725094521081470,0.5078558716958310,5.216944030750960,S403A,MSENTFIFPATFMWGTSTSSYQIEGGTDEGGRTPSIWDTFCQIPGKVIGGDCGDVACDHFHHFKEDVQLMKQLGFLHYRFSVAWPRIMPAAGIINEEGLLFYEHLLDEIELAGLIPMLTLYHWDLPQWIEDEGGWTQRETIQHFKTYASVIMDRFGERINWWNTINEPYCASILGYGTGEHAPGHENWREAFTAAHHILMCHGIASNLHKEKGLTGKIGITLNMEHVDAASERPEDVAAAIRRDGFINRWFAEPLFNGKYPEDMVEWYGTYLNGLDFVQPGDMELIQQPGDFLGINYYTRSIIRSTNDASLLQVEQVHMEEPVTDMGWEIHPESFYKLLTRIEKDFSKGLPILITENGAAMRDELVNGQIEDTGRHGYIEEHLKACHRFIEEGGQLKGYFVWAFLDNFEWAWGYSKRFGIVHINYETQERTPKQSALWFKQMMAKNGF
2.9036325160842400,0.5550944485783190,5.348369126086680,T178R,MSENTFIFPATFMWGTSTSSYQIEGGTDEGGRTPSIWDTFCQIPGKVIGGDCGDVACDHFHHFKEDVQLMKQLGFLHYRFSVAWPRIMPAAGIINEEGLLFYEHLLDEIELAGLIPMLTLYHWDLPQWIEDEGGWTQRETIQHFKTYASVIMDRFGERINWWNTINEPYCASILGYGRGEHAPGHENWREAFTAAHHILMCHGIASNLHKEKGLTGKIGITLNMEHVDAASERPEDVAAAIRRDGFINRWFAEPLFNGKYPEDMVEWYGTYLNGLDFVQPGDMELIQQPGDFLGINYYTRSIIRSTNDASLLQVEQVHMEEPVTDMGWEIHPESFYKLLTRIEKDFSKGLPILITENGAAMRDELVNGQIEDTGRHGYIEEHLKACHRFIEEGGQLKGYFVWSFLDNFEWAWGYSKRFGIVHINYETQERTPKQSALWFKQMMAKNGF
2.788168371141170,0.724275869600789,5.0638922893443300,T18A,MSENTFIFPATFMWGTSASSYQIEGGTDEGGRTPSIWDTFCQIPGKVIGGDCGDVACDHFHHFKEDVQLMKQLGFLHYRFSVAWPRIMPAAGIINEEGLLFYEHLLDEIELAGLIPMLTLYHWDLPQWIEDEGGWTQRETIQHFKTYASVIMDRFGERINWWNTINEPYCASILGYGTGEHAPGHENWREAFTAAHHILMCHGIASNLHKEKGLTGKIGITLNMEHVDAASERPEDVAAAIRRDGFINRWFAEPLFNGKYPEDMVEWYGTYLNGLDFVQPGDMELIQQPGDFLGINYYTRSIIRSTNDASLLQVEQVHMEEPVTDMGWEIHPESFYKLLTRIEKDFSKGLPILITENGAAMRDELVNGQIEDTGRHGYIEEHLKACHRFIEEGGQLKGYFVWSFLDNFEWAWGYSKRFGIVHINYETQERTPKQSALWFKQMMAKNGF
2.6665179805548800,0.8135809885681920,4.852967691028820,T221A,MSENTFIFPATFMWGTSTSSYQIEGGTDEGGRTPSIWDTFCQIPGKVIGGDCGDVACDHFHHFKEDVQLMKQLGFLHYRFSVAWPRIMPAAGIINEEGLLFYEHLLDEIELAGLIPMLTLYHWDLPQWIEDEGGWTQRETIQHFKTYASVIMDRFGERINWWNTINEPYCASILGYGTGEHAPGHENWREAFTAAHHILMCHGIASNLHKEKGLTGKIGIALNMEHVDAASERPEDVAAAIRRDGFINRWFAEPLFNGKYPEDMVEWYGTYLNGLDFVQPGDMELIQQPGDFLGINYYTRSIIRSTNDASLLQVEQVHMEEPVTDMGWEIHPESFYKLLTRIEKDFSKGLPILITENGAAMRDELVNGQIEDTGRHGYIEEHLKACHRFIEEGGQLKGYFVWSFLDNFEWAWGYSKRFGIVHINYETQERTPKQSALWFKQMMAKNGF
1.7781512503836400,1.1541195255158500,3.620552444729440,T355A,MSENTFIFPATFMWGTSTSSYQIEGGTDEGGRTPSIWDTFCQIPGKVIGGDCGDVACDHFHHFKEDVQLMKQLGFLHYRFSVAWPRIMPAAGIINEEGLLFYEHLLDEIELAGLIPMLTLYHWDLPQWIEDEGGWTQRETIQHFKTYASVIMDRFGERINWWNTINEPYCASILGYGTGEHAPGHENWREAFTAAHHILMCHGIASNLHKEKGLTGKIGITLNMEHVDAASERPEDVAAAIRRDGFINRWFAEPLFNGKYPEDMVEWYGTYLNGLDFVQPGDMELIQQPGDFLGINYYTRSIIRSTNDASLLQVEQVHMEEPVTDMGWEIHPESFYKLLTRIEKDFSKGLPILIAENGAAMRDELVNGQIEDTGRHGYIEEHLKACHRFIEEGGQLKGYFVWSFLDNFEWAWGYSKRFGIVHINYETQERTPKQSALWFKQMMAKNGF
3.0586537415723700,0.8325089127062360,5.226144828866130,V323Q,MSENTFIFPATFMWGTSTSSYQIEGGTDEGGRTPSIWDTFCQIPGKVIGGDCGDVACDHFHHFKEDVQLMKQLGFLHYRFSVAWPRIMPAAGIINEEGLLFYEHLLDEIELAGLIPMLTLYHWDLPQWIEDEGGWTQRETIQHFKTYASVIMDRFGERINWWNTINEPYCASILGYGTGEHAPGHENWREAFTAAHHILMCHGIASNLHKEKGLTGKIGITLNMEHVDAASERPEDVAAAIRRDGFINRWFAEPLFNGKYPEDMVEWYGTYLNGLDFVQPGDMELIQQPGDFLGINYYTRSIIRSTNDASLLQVEQVHMEEPQTDMGWEIHPESFYKLLTRIEKDFSKGLPILITENGAAMRDELVNGQIEDTGRHGYIEEHLKACHRFIEEGGQLKGYFVWSFLDNFEWAWGYSKRFGIVHINYETQERTPKQSALWFKQMMAKNGF
2.8369567370595500,0.9164539485499250,4.921015010707510,V55G,MSENTFIFPATFMWGTSTSSYQIEGGTDEGGRTPSIWDTFCQIPGKVIGGDCGDGACDHFHHFKEDVQLMKQLGFLHYRFSVAWPRIMPAAGIINEEGLLFYEHLLDEIELAGLIPMLTLYHWDLPQWIEDEGGWTQRETIQHFKTYASVIMDRFGERINWWNTINEPYCASILGYGTGEHAPGHENWREAFTAAHHILMCHGIASNLHKEKGLTGKIGITLNMEHVDAASERPEDVAAAIRRDGFINRWFAEPLFNGKYPEDMVEWYGTYLNGLDFVQPGDMELIQQPGDFLGINYYTRSIIRSTNDASLLQVEQVHMEEPVTDMGWEIHPESFYKLLTRIEKDFSKGLPILITENGAAMRDELVNGQIEDTGRHGYIEEHLKACHRFIEEGGQLKGYFVWSFLDNFEWAWGYSKRFGIVHINYETQERTPKQSALWFKQMMAKNGF
2.673941998634090,1.2062860444124300,4.467371287647480,W123F,MSENTFIFPATFMWGTSTSSYQIEGGTDEGGRTPSIWDTFCQIPGKVIGGDCGDVACDHFHHFKEDVQLMKQLGFLHYRFSVAWPRIMPAAGIINEEGLLFYEHLLDEIELAGLIPMLTLYHFDLPQWIEDEGGWTQRETIQHFKTYASVIMDRFGERINWWNTINEPYCASILGYGTGEHAPGHENWREAFTAAHHILMCHGIASNLHKEKGLTGKIGITLNMEHVDAASERPEDVAAAIRRDGFINRWFAEPLFNGKYPEDMVEWYGTYLNGLDFVQPGDMELIQQPGDFLGINYYTRSIIRSTNDASLLQVEQVHMEEPVTDMGWEIHPESFYKLLTRIEKDFSKGLPILITENGAAMRDELVNGQIEDTGRHGYIEEHLKACHRFIEEGGQLKGYFVWSFLDNFEWAWGYSKRFGIVHINYETQERTPKQSALWFKQMMAKNGF
1.9242792860618800,1.9502674680135900,2.9745116927373300,W123H,MSENTFIFPATFMWGTSTSSYQIEGGTDEGGRTPSIWDTFCQIPGKVIGGDCGDVACDHFHHFKEDVQLMKQLGFLHYRFSVAWPRIMPAAGIINEEGLLFYEHLLDEIELAGLIPMLTLYHHDLPQWIEDEGGWTQRETIQHFKTYASVIMDRFGERINWWNTINEPYCASILGYGTGEHAPGHENWREAFTAAHHILMCHGIASNLHKEKGLTGKIGITLNMEHVDAASERPEDVAAAIRRDGFINRWFAEPLFNGKYPEDMVEWYGTYLNGLDFVQPGDMELIQQPGDFLGINYYTRSIIRSTNDASLLQVEQVHMEEPVTDMGWEIHPESFYKLLTRIEKDFSKGLPILITENGAAMRDELVNGQIEDTGRHGYIEEHLKACHRFIEEGGQLKGYFVWSFLDNFEWAWGYSKRFGIVHINYETQERTPKQSALWFKQMMAKNGF
1.462397997898960,0.20682587603185000,4.2610962581323300,W328A,MSENTFIFPATFMWGTSTSSYQIEGGTDEGGRTPSIWDTFCQIPGKVIGGDCGDVACDHFHHFKEDVQLMKQLGFLHYRFSVAWPRIMPAAGIINEEGLLFYEHLLDEIELAGLIPMLTLYHWDLPQWIEDEGGWTQRETIQHFKTYASVIMDRFGERINWWNTINEPYCASILGYGTGEHAPGHENWREAFTAAHHILMCHGIASNLHKEKGLTGKIGITLNMEHVDAASERPEDVAAAIRRDGFINRWFAEPLFNGKYPEDMVEWYGTYLNGLDFVQPGDMELIQQPGDFLGINYYTRSIIRSTNDASLLQVEQVHMEEPVTDMGAEIHPESFYKLLTRIEKDFSKGLPILITENGAAMRDELVNGQIEDTGRHGYIEEHLKACHRFIEEGGQLKGYFVWSFLDNFEWAWGYSKRFGIVHINYETQERTPKQSALWFKQMMAKNGF
1.0,0.6211762817750350,3.3984608496082200,W328C,MSENTFIFPATFMWGTSTSSYQIEGGTDEGGRTPSIWDTFCQIPGKVIGGDCGDVACDHFHHFKEDVQLMKQLGFLHYRFSVAWPRIMPAAGIINEEGLLFYEHLLDEIELAGLIPMLTLYHWDLPQWIEDEGGWTQRETIQHFKTYASVIMDRFGERINWWNTINEPYCASILGYGTGEHAPGHENWREAFTAAHHILMCHGIASNLHKEKGLTGKIGITLNMEHVDAASERPEDVAAAIRRDGFINRWFAEPLFNGKYPEDMVEWYGTYLNGLDFVQPGDMELIQQPGDFLGINYYTRSIIRSTNDASLLQVEQVHMEEPVTDMGCEIHPESFYKLLTRIEKDFSKGLPILITENGAAMRDELVNGQIEDTGRHGYIEEHLKACHRFIEEGGQLKGYFVWSFLDNFEWAWGYSKRFGIVHINYETQERTPKQSALWFKQMMAKNGF
1.5440680443502800,0.4885507165004440,4.055301864347440,W328H,MSENTFIFPATFMWGTSTSSYQIEGGTDEGGRTPSIWDTFCQIPGKVIGGDCGDVACDHFHHFKEDVQLMKQLGFLHYRFSVAWPRIMPAAGIINEEGLLFYEHLLDEIELAGLIPMLTLYHWDLPQWIEDEGGWTQRETIQHFKTYASVIMDRFGERINWWNTINEPYCASILGYGTGEHAPGHENWREAFTAAHHILMCHGIASNLHKEKGLTGKIGITLNMEHVDAASERPEDVAAAIRRDGFINRWFAEPLFNGKYPEDMVEWYGTYLNGLDFVQPGDMELIQQPGDFLGINYYTRSIIRSTNDASLLQVEQVHMEEPVTDMGHEIHPESFYKLLTRIEKDFSKGLPILITENGAAMRDELVNGQIEDTGRHGYIEEHLKACHRFIEEGGQLKGYFVWSFLDNFEWAWGYSKRFGIVHINYETQERTPKQSALWFKQMMAKNGF
2.037426497940620,0.7589118923979740,4.276668561845280,W328L,MSENTFIFPATFMWGTSTSSYQIEGGTDEGGRTPSIWDTFCQIPGKVIGGDCGDVACDHFHHFKEDVQLMKQLGFLHYRFSVAWPRIMPAAGIINEEGLLFYEHLLDEIELAGLIPMLTLYHWDLPQWIEDEGGWTQRETIQHFKTYASVIMDRFGERINWWNTINEPYCASILGYGTGEHAPGHENWREAFTAAHHILMCHGIASNLHKEKGLTGKIGITLNMEHVDAASERPEDVAAAIRRDGFINRWFAEPLFNGKYPEDMVEWYGTYLNGLDFVQPGDMELIQQPGDFLGINYYTRSIIRSTNDASLLQVEQVHMEEPVTDMGLEIHPESFYKLLTRIEKDFSKGLPILITENGAAMRDELVNGQIEDTGRHGYIEEHLKACHRFIEEGGQLKGYFVWSFLDNFEWAWGYSKRFGIVHINYETQERTPKQSALWFKQMMAKNGF
0.47712125471966200,1.8471406174134100,1.591064607026500,W402C,MSENTFIFPATFMWGTSTSSYQIEGGTDEGGRTPSIWDTFCQIPGKVIGGDCGDVACDHFHHFKEDVQLMKQLGFLHYRFSVAWPRIMPAAGIINEEGLLFYEHLLDEIELAGLIPMLTLYHWDLPQWIEDEGGWTQRETIQHFKTYASVIMDRFGERINWWNTINEPYCASILGYGTGEHAPGHENWREAFTAAHHILMCHGIASNLHKEKGLTGKIGITLNMEHVDAASERPEDVAAAIRRDGFINRWFAEPLFNGKYPEDMVEWYGTYLNGLDFVQPGDMELIQQPGDFLGINYYTRSIIRSTNDASLLQVEQVHMEEPVTDMGWEIHPESFYKLLTRIEKDFSKGLPILITENGAAMRDELVNGQIEDTGRHGYIEEHLKACHRFIEEGGQLKGYFVCSFLDNFEWAWGYSKRFGIVHINYETQERTPKQSALWFKQMMAKNGF
-0.6989700043360190,1.105510184769970,1.1958996524092300,W402R,MSENTFIFPATFMWGTSTSSYQIEGGTDEGGRTPSIWDTFCQIPGKVIGGDCGDVACDHFHHFKEDVQLMKQLGFLHYRFSVAWPRIMPAAGIINEEGLLFYEHLLDEIELAGLIPMLTLYHWDLPQWIEDEGGWTQRETIQHFKTYASVIMDRFGERINWWNTINEPYCASILGYGTGEHAPGHENWREAFTAAHHILMCHGIASNLHKEKGLTGKIGITLNMEHVDAASERPEDVAAAIRRDGFINRWFAEPLFNGKYPEDMVEWYGTYLNGLDFVQPGDMELIQQPGDFLGINYYTRSIIRSTNDASLLQVEQVHMEEPVTDMGWEIHPESFYKLLTRIEKDFSKGLPILITENGAAMRDELVNGQIEDTGRHGYIEEHLKACHRFIEEGGQLKGYFVRSFLDNFEWAWGYSKRFGIVHINYETQERTPKQSALWFKQMMAKNGF
2.9079485216122700,0.414973347970818,5.492975388372910,W412Y,MSENTFIFPATFMWGTSTSSYQIEGGTDEGGRTPSIWDTFCQIPGKVIGGDCGDVACDHFHHFKEDVQLMKQLGFLHYRFSVAWPRIMPAAGIINEEGLLFYEHLLDEIELAGLIPMLTLYHWDLPQWIEDEGGWTQRETIQHFKTYASVIMDRFGERINWWNTINEPYCASILGYGTGEHAPGHENWREAFTAAHHILMCHGIASNLHKEKGLTGKIGITLNMEHVDAASERPEDVAAAIRRDGFINRWFAEPLFNGKYPEDMVEWYGTYLNGLDFVQPGDMELIQQPGDFLGINYYTRSIIRSTNDASLLQVEQVHMEEPVTDMGWEIHPESFYKLLTRIEKDFSKGLPILITENGAAMRDELVNGQIEDTGRHGYIEEHLKACHRFIEEGGQLKGYFVWSFLDNFEWAYGYSKRFGIVHINYETQERTPKQSALWFKQMMAKNGF
2.294466226161590,1.498999363580150,3.7944880466591700,Y21A,MSENTFIFPATFMWGTSTSSAQIEGGTDEGGRTPSIWDTFCQIPGKVIGGDCGDVACDHFHHFKEDVQLMKQLGFLHYRFSVAWPRIMPAAGIINEEGLLFYEHLLDEIELAGLIPMLTLYHWDLPQWIEDEGGWTQRETIQHFKTYASVIMDRFGERINWWNTINEPYCASILGYGTGEHAPGHENWREAFTAAHHILMCHGIASNLHKEKGLTGKIGITLNMEHVDAASERPEDVAAAIRRDGFINRWFAEPLFNGKYPEDMVEWYGTYLNGLDFVQPGDMELIQQPGDFLGINYYTRSIIRSTNDASLLQVEQVHMEEPVTDMGWEIHPESFYKLLTRIEKDFSKGLPILITENGAAMRDELVNGQIEDTGRHGYIEEHLKACHRFIEEGGQLKGYFVWSFLDNFEWAWGYSKRFGIVHINYETQERTPKQSALWFKQMMAKNGF
2.220108088040060,0.6972293427597180,4.5219222448835,Y297A,MSENTFIFPATFMWGTSTSSYQIEGGTDEGGRTPSIWDTFCQIPGKVIGGDCGDVACDHFHHFKEDVQLMKQLGFLHYRFSVAWPRIMPAAGIINEEGLLFYEHLLDEIELAGLIPMLTLYHWDLPQWIEDEGGWTQRETIQHFKTYASVIMDRFGERINWWNTINEPYCASILGYGTGEHAPGHENWREAFTAAHHILMCHGIASNLHKEKGLTGKIGITLNMEHVDAASERPEDVAAAIRRDGFINRWFAEPLFNGKYPEDMVEWYGTYLNGLDFVQPGDMELIQQPGDFLGINAYTRSIIRSTNDASLLQVEQVHMEEPVTDMGWEIHPESFYKLLTRIEKDFSKGLPILITENGAAMRDELVNGQIEDTGRHGYIEEHLKACHRFIEEGGQLKGYFVWSFLDNFEWAWGYSKRFGIVHINYETQERTPKQSALWFKQMMAKNGF
2.8662873390841900,0.7774268223893110,5.08902503882118,Y297F,MSENTFIFPATFMWGTSTSSYQIEGGTDEGGRTPSIWDTFCQIPGKVIGGDCGDVACDHFHHFKEDVQLMKQLGFLHYRFSVAWPRIMPAAGIINEEGLLFYEHLLDEIELAGLIPMLTLYHWDLPQWIEDEGGWTQRETIQHFKTYASVIMDRFGERINWWNTINEPYCASILGYGTGEHAPGHENWREAFTAAHHILMCHGIASNLHKEKGLTGKIGITLNMEHVDAASERPEDVAAAIRRDGFINRWFAEPLFNGKYPEDMVEWYGTYLNGLDFVQPGDMELIQQPGDFLGINFYTRSIIRSTNDASLLQVEQVHMEEPVTDMGWEIHPESFYKLLTRIEKDFSKGLPILITENGAAMRDELVNGQIEDTGRHGYIEEHLKACHRFIEEGGQLKGYFVWSFLDNFEWAWGYSKRFGIVHINYETQERTPKQSALWFKQMMAKNGF